,name,SID,timestamp,visitors,avgDuration,weekday,hour_sin,hour_cos
2061,Kurpark,bc5edd25-415e-40fb-8607-ad8c0b10ea4c,2025-06-30 03:00:00+02:00,1.0,17.55,0,0.7071067811865475,0.7071067811865476
2062,Kurpark,bc5edd25-415e-40fb-8607-ad8c0b10ea4c,2025-06-30 04:00:00+02:00,3.0,7.13,0,0.8660254037844386,0.5000000000000001
2063,Kurpark,bc5edd25-415e-40fb-8607-ad8c0b10ea4c,2025-06-30 05:00:00+02:00,19.0,14.765,0,0.9659258262890683,0.25881904510252074
2064,Kurpark,bc5edd25-415e-40fb-8607-ad8c0b10ea4c,2025-06-30 06:00:00+02:00,58.0,16.6175,0,1.0,6.123233995736766e-17
2065,Kurpark,bc5edd25-415e-40fb-8607-ad8c0b10ea4c,2025-06-30 07:00:00+02:00,84.0,11.775,0,0.9659258262890683,-0.25881904510252063
2066,Kurpark,bc5edd25-415e-40fb-8607-ad8c0b10ea4c,2025-06-30 08:00:00+02:00,116.0,15.6025,0,0.8660254037844387,-0.4999999999999998
2067,Kurpark,bc5edd25-415e-40fb-8607-ad8c0b10ea4c,2025-06-30 09:00:00+02:00,146.0,20.752499999999998,0,0.7071067811865476,-0.7071067811865475
2068,Kurpark,bc5edd25-415e-40fb-8607-ad8c0b10ea4c,2025-06-30 11:00:00+02:00,186.0,14.265,0,0.258819045102521,-0.9659258262890682
2069,Kurpark,bc5edd25-415e-40fb-8607-ad8c0b10ea4c,2025-06-30 12:00:00+02:00,166.0,14.633333333333333,0,1.2246467991473532e-16,-1.0
2070,Kurpark,bc5edd25-415e-40fb-8607-ad8c0b10ea4c,2025-06-30 13:00:00+02:00,166.0,16.557499999999997,0,-0.2588190451025208,-0.9659258262890683
2071,Kurpark,bc5edd25-415e-40fb-8607-ad8c0b10ea4c,2025-06-30 14:00:00+02:00,177.0,14.200000000000001,0,-0.4999999999999997,-0.8660254037844388
2072,Kurpark,bc5edd25-415e-40fb-8607-ad8c0b10ea4c,2025-06-30 15:00:00+02:00,146.0,16.326666666666668,0,-0.7071067811865471,-0.7071067811865479
2073,Kurpark,bc5edd25-415e-40fb-8607-ad8c0b10ea4c,2025-06-30 16:00:00+02:00,160.0,15.886666666666665,0,-0.8660254037844384,-0.5000000000000004
2074,Kurpark,bc5edd25-415e-40fb-8607-ad8c0b10ea4c,2025-06-30 17:00:00+02:00,168.0,15.7825,0,-0.9659258262890683,-0.25881904510252063
2075,Kurpark,bc5edd25-415e-40fb-8607-ad8c0b10ea4c,2025-06-30 18:00:00+02:00,152.0,16.2825,0,-1.0,-1.8369701987210297e-16
2076,Kurpark,bc5edd25-415e-40fb-8607-ad8c0b10ea4c,2025-06-30 19:00:00+02:00,155.0,16.8225,0,-0.9659258262890684,0.2588190451025203
2077,Kurpark,bc5edd25-415e-40fb-8607-ad8c0b10ea4c,2025-06-30 20:00:00+02:00,110.0,15.9,0,-0.8660254037844386,0.5000000000000001
2078,Kurpark,bc5edd25-415e-40fb-8607-ad8c0b10ea4c,2025-06-30 21:00:00+02:00,72.0,13.3025,0,-0.7071067811865477,0.7071067811865474
2079,Kurpark,bc5edd25-415e-40fb-8607-ad8c0b10ea4c,2025-06-30 22:00:00+02:00,26.0,11.57,0,-0.5000000000000004,0.8660254037844384
2080,Kurpark,bc5edd25-415e-40fb-8607-ad8c0b10ea4c,2025-06-30 23:00:00+02:00,8.0,7.67,0,-0.25881904510252157,0.9659258262890681
2081,Kurpark,bc5edd25-415e-40fb-8607-ad8c0b10ea4c,2025-07-01 00:00:00+02:00,16.0,15.51,1,0.0,1.0
2082,Kurpark,bc5edd25-415e-40fb-8607-ad8c0b10ea4c,2025-07-01 01:00:00+02:00,9.0,18.511666666666667,1,0.25881904510252074,0.9659258262890683
2083,Kurpark,bc5edd25-415e-40fb-8607-ad8c0b10ea4c,2025-07-01 03:00:00+02:00,1.0,0.0,1,0.7071067811865475,0.7071067811865476
2084,Kurpark,bc5edd25-415e-40fb-8607-ad8c0b10ea4c,2025-07-01 04:00:00+02:00,7.0,14.46,1,0.8660254037844386,0.5000000000000001
2085,Kurpark,bc5edd25-415e-40fb-8607-ad8c0b10ea4c,2025-07-01 05:00:00+02:00,26.0,19.3575,1,0.9659258262890683,0.25881904510252074
2086,Kurpark,bc5edd25-415e-40fb-8607-ad8c0b10ea4c,2025-07-01 06:00:00+02:00,64.0,15.2825,1,1.0,6.123233995736766e-17
2087,Kurpark,bc5edd25-415e-40fb-8607-ad8c0b10ea4c,2025-07-01 07:00:00+02:00,71.0,11.266666666666666,1,0.9659258262890683,-0.25881904510252063
2088,Kurpark,bc5edd25-415e-40fb-8607-ad8c0b10ea4c,2025-07-01 08:00:00+02:00,143.0,14.83,1,0.8660254037844387,-0.4999999999999998
2089,Kurpark,bc5edd25-415e-40fb-8607-ad8c0b10ea4c,2025-07-01 09:00:00+02:00,171.0,15.21,1,0.7071067811865476,-0.7071067811865475
2090,Kurpark,bc5edd25-415e-40fb-8607-ad8c0b10ea4c,2025-07-01 10:00:00+02:00,164.0,16.053333333333335,1,0.49999999999999994,-0.8660254037844387
2091,Kurpark,bc5edd25-415e-40fb-8607-ad8c0b10ea4c,2025-07-01 11:00:00+02:00,156.0,14.67,1,0.258819045102521,-0.9659258262890682
2092,Kurpark,bc5edd25-415e-40fb-8607-ad8c0b10ea4c,2025-07-01 12:00:00+02:00,161.0,12.906666666666666,1,1.2246467991473532e-16,-1.0
2093,Kurpark,bc5edd25-415e-40fb-8607-ad8c0b10ea4c,2025-07-01 13:00:00+02:00,119.0,14.056666666666667,1,-0.2588190451025208,-0.9659258262890683
2094,Kurpark,bc5edd25-415e-40fb-8607-ad8c0b10ea4c,2025-07-01 14:00:00+02:00,127.0,20.7375,1,-0.4999999999999997,-0.8660254037844388
2095,Kurpark,bc5edd25-415e-40fb-8607-ad8c0b10ea4c,2025-07-01 15:00:00+02:00,159.0,16.936666666666667,1,-0.7071067811865471,-0.7071067811865479
2096,Kurpark,bc5edd25-415e-40fb-8607-ad8c0b10ea4c,2025-07-01 16:00:00+02:00,168.0,17.8975,1,-0.8660254037844384,-0.5000000000000004
2097,Kurpark,bc5edd25-415e-40fb-8607-ad8c0b10ea4c,2025-07-01 17:00:00+02:00,137.0,16.8275,1,-0.9659258262890683,-0.25881904510252063
2098,Kurpark,bc5edd25-415e-40fb-8607-ad8c0b10ea4c,2025-07-01 18:00:00+02:00,95.0,14.69,1,-1.0,-1.8369701987210297e-16
2099,Kurpark,bc5edd25-415e-40fb-8607-ad8c0b10ea4c,2025-07-01 19:00:00+02:00,98.0,13.855,1,-0.9659258262890684,0.2588190451025203
2100,Kurpark,bc5edd25-415e-40fb-8607-ad8c0b10ea4c,2025-07-01 20:00:00+02:00,82.0,16.505000000000003,1,-0.8660254037844386,0.5000000000000001
2101,Kurpark,bc5edd25-415e-40fb-8607-ad8c0b10ea4c,2025-07-01 21:00:00+02:00,51.0,14.6525,1,-0.7071067811865477,0.7071067811865474
2102,Kurpark,bc5edd25-415e-40fb-8607-ad8c0b10ea4c,2025-07-01 22:00:00+02:00,18.0,10.103333333333333,1,-0.5000000000000004,0.8660254037844384
2103,Kurpark,bc5edd25-415e-40fb-8607-ad8c0b10ea4c,2025-07-01 23:00:00+02:00,5.0,2.08,1,-0.25881904510252157,0.9659258262890681
2104,Kurpark,bc5edd25-415e-40fb-8607-ad8c0b10ea4c,2025-07-02 00:00:00+02:00,11.0,14.71,2,0.0,1.0
2105,Kurpark,bc5edd25-415e-40fb-8607-ad8c0b10ea4c,2025-07-02 01:00:00+02:00,4.0,14.22,2,0.25881904510252074,0.9659258262890683
2106,Kurpark,bc5edd25-415e-40fb-8607-ad8c0b10ea4c,2025-07-02 02:00:00+02:00,3.0,20.31,2,0.49999999999999994,0.8660254037844387
2107,Kurpark,bc5edd25-415e-40fb-8607-ad8c0b10ea4c,2025-07-02 03:00:00+02:00,1.0,43.582499999999996,2,0.7071067811865475,0.7071067811865476
2108,Kurpark,bc5edd25-415e-40fb-8607-ad8c0b10ea4c,2025-07-02 04:00:00+02:00,6.0,10.15,2,0.8660254037844386,0.5000000000000001
2109,Kurpark,bc5edd25-415e-40fb-8607-ad8c0b10ea4c,2025-07-02 05:00:00+02:00,25.0,17.95,2,0.9659258262890683,0.25881904510252074
2110,Kurpark,bc5edd25-415e-40fb-8607-ad8c0b10ea4c,2025-07-02 06:00:00+02:00,34.0,12.9975,2,1.0,6.123233995736766e-17
2111,Kurpark,bc5edd25-415e-40fb-8607-ad8c0b10ea4c,2025-07-02 07:00:00+02:00,78.0,10.08,2,0.9659258262890683,-0.25881904510252063
2112,Kurpark,bc5edd25-415e-40fb-8607-ad8c0b10ea4c,2025-07-02 08:00:00+02:00,138.0,16.2175,2,0.8660254037844387,-0.4999999999999998
2113,Kurpark,bc5edd25-415e-40fb-8607-ad8c0b10ea4c,2025-07-02 09:00:00+02:00,123.0,15.953333333333333,2,0.7071067811865476,-0.7071067811865475
2114,Kurpark,bc5edd25-415e-40fb-8607-ad8c0b10ea4c,2025-07-02 10:00:00+02:00,137.0,17.7225,2,0.49999999999999994,-0.8660254037844387
2115,Kurpark,bc5edd25-415e-40fb-8607-ad8c0b10ea4c,2025-07-02 11:00:00+02:00,139.0,14.445,2,0.258819045102521,-0.9659258262890682
2116,Kurpark,bc5edd25-415e-40fb-8607-ad8c0b10ea4c,2025-07-02 12:00:00+02:00,108.0,11.666666666666666,2,1.2246467991473532e-16,-1.0
2117,Kurpark,bc5edd25-415e-40fb-8607-ad8c0b10ea4c,2025-07-02 13:00:00+02:00,90.0,15.52,2,-0.2588190451025208,-0.9659258262890683
2118,Kurpark,bc5edd25-415e-40fb-8607-ad8c0b10ea4c,2025-07-02 14:00:00+02:00,96.0,11.9275,2,-0.4999999999999997,-0.8660254037844388
2119,Kurpark,bc5edd25-415e-40fb-8607-ad8c0b10ea4c,2025-07-02 15:00:00+02:00,86.0,13.030000000000001,2,-0.7071067811865471,-0.7071067811865479
2120,Kurpark,bc5edd25-415e-40fb-8607-ad8c0b10ea4c,2025-07-02 16:00:00+02:00,88.0,16.155,2,-0.8660254037844384,-0.5000000000000004
2121,Kurpark,bc5edd25-415e-40fb-8607-ad8c0b10ea4c,2025-07-02 17:00:00+02:00,110.0,15.91,2,-0.9659258262890683,-0.25881904510252063
2122,Kurpark,bc5edd25-415e-40fb-8607-ad8c0b10ea4c,2025-07-02 18:00:00+02:00,144.0,15.1775,2,-1.0,-1.8369701987210297e-16
2123,Kurpark,bc5edd25-415e-40fb-8607-ad8c0b10ea4c,2025-07-02 19:00:00+02:00,94.0,14.870000000000001,2,-0.9659258262890684,0.2588190451025203
2124,Kurpark,bc5edd25-415e-40fb-8607-ad8c0b10ea4c,2025-07-02 20:00:00+02:00,74.0,14.9725,2,-0.8660254037844386,0.5000000000000001
2125,Kurpark,bc5edd25-415e-40fb-8607-ad8c0b10ea4c,2025-07-02 21:00:00+02:00,60.0,16.740000000000002,2,-0.7071067811865477,0.7071067811865474
2126,Kurpark,bc5edd25-415e-40fb-8607-ad8c0b10ea4c,2025-07-02 22:00:00+02:00,17.0,14.116666666666667,2,-0.5000000000000004,0.8660254037844384
2127,Kurpark,bc5edd25-415e-40fb-8607-ad8c0b10ea4c,2025-07-03 00:00:00+02:00,7.0,7.38,3,0.0,1.0
2128,Kurpark,bc5edd25-415e-40fb-8607-ad8c0b10ea4c,2025-07-03 02:00:00+02:00,0.0,0.0,3,0.49999999999999994,0.8660254037844387
2129,Kurpark,bc5edd25-415e-40fb-8607-ad8c0b10ea4c,2025-07-03 03:00:00+02:00,1.0,22.28,3,0.7071067811865475,0.7071067811865476
2130,Kurpark,bc5edd25-415e-40fb-8607-ad8c0b10ea4c,2025-07-03 04:00:00+02:00,8.0,6.223333333333334,3,0.8660254037844386,0.5000000000000001
2131,Kurpark,bc5edd25-415e-40fb-8607-ad8c0b10ea4c,2025-07-03 05:00:00+02:00,20.0,17.6225,3,0.9659258262890683,0.25881904510252074
2132,Kurpark,bc5edd25-415e-40fb-8607-ad8c0b10ea4c,2025-07-03 06:00:00+02:00,30.0,12.7525,3,1.0,6.123233995736766e-17
2133,Kurpark,bc5edd25-415e-40fb-8607-ad8c0b10ea4c,2025-07-03 07:00:00+02:00,59.0,11.23,3,0.9659258262890683,-0.25881904510252063
2134,Kurpark,bc5edd25-415e-40fb-8607-ad8c0b10ea4c,2025-07-03 08:00:00+02:00,75.0,15.7175,3,0.8660254037844387,-0.4999999999999998
2135,Kurpark,bc5edd25-415e-40fb-8607-ad8c0b10ea4c,2025-07-03 09:00:00+02:00,132.0,19.075000000000003,3,0.7071067811865476,-0.7071067811865475
2136,Kurpark,bc5edd25-415e-40fb-8607-ad8c0b10ea4c,2025-07-03 10:00:00+02:00,146.0,19.607499999999998,3,0.49999999999999994,-0.8660254037844387
2137,Kurpark,bc5edd25-415e-40fb-8607-ad8c0b10ea4c,2025-07-03 11:00:00+02:00,133.0,14.39,3,0.258819045102521,-0.9659258262890682
2138,Kurpark,bc5edd25-415e-40fb-8607-ad8c0b10ea4c,2025-07-03 12:00:00+02:00,226.0,15.995000000000001,3,1.2246467991473532e-16,-1.0
2139,Kurpark,bc5edd25-415e-40fb-8607-ad8c0b10ea4c,2025-07-03 13:00:00+02:00,178.0,16.425,3,-0.2588190451025208,-0.9659258262890683
2140,Kurpark,bc5edd25-415e-40fb-8607-ad8c0b10ea4c,2025-07-03 14:00:00+02:00,170.0,18.567500000000003,3,-0.4999999999999997,-0.8660254037844388
2141,Kurpark,bc5edd25-415e-40fb-8607-ad8c0b10ea4c,2025-07-03 15:00:00+02:00,266.0,18.995,3,-0.7071067811865471,-0.7071067811865479
2142,Kurpark,bc5edd25-415e-40fb-8607-ad8c0b10ea4c,2025-07-03 16:00:00+02:00,270.0,21.7225,3,-0.8660254037844384,-0.5000000000000004
2143,Kurpark,bc5edd25-415e-40fb-8607-ad8c0b10ea4c,2025-07-03 17:00:00+02:00,255.0,15.3975,3,-0.9659258262890683,-0.25881904510252063
2144,Kurpark,bc5edd25-415e-40fb-8607-ad8c0b10ea4c,2025-07-03 18:00:00+02:00,184.0,19.27,3,-1.0,-1.8369701987210297e-16
2145,Kurpark,bc5edd25-415e-40fb-8607-ad8c0b10ea4c,2025-07-03 19:00:00+02:00,148.0,20.5975,3,-0.9659258262890684,0.2588190451025203
2146,Kurpark,bc5edd25-415e-40fb-8607-ad8c0b10ea4c,2025-07-03 20:00:00+02:00,123.0,13.025,3,-0.8660254037844386,0.5000000000000001
2147,Kurpark,bc5edd25-415e-40fb-8607-ad8c0b10ea4c,2025-07-03 21:00:00+02:00,66.0,13.6225,3,-0.7071067811865477,0.7071067811865474
2148,Kurpark,bc5edd25-415e-40fb-8607-ad8c0b10ea4c,2025-07-03 22:00:00+02:00,31.0,7.885,3,-0.5000000000000004,0.8660254037844384
2149,Kurpark,bc5edd25-415e-40fb-8607-ad8c0b10ea4c,2025-07-03 23:00:00+02:00,2.0,2.92,3,-0.25881904510252157,0.9659258262890681
2150,Kurpark,bc5edd25-415e-40fb-8607-ad8c0b10ea4c,2025-07-04 00:00:00+02:00,4.0,5.470000000000001,4,0.0,1.0
2151,Kurpark,bc5edd25-415e-40fb-8607-ad8c0b10ea4c,2025-07-04 01:00:00+02:00,12.0,11.87,4,0.25881904510252074,0.9659258262890683
2152,Kurpark,bc5edd25-415e-40fb-8607-ad8c0b10ea4c,2025-07-04 02:00:00+02:00,6.0,7.125,4,0.49999999999999994,0.8660254037844387
2153,Kurpark,bc5edd25-415e-40fb-8607-ad8c0b10ea4c,2025-07-04 03:00:00+02:00,2.0,9.975000000000001,4,0.7071067811865475,0.7071067811865476
2154,Kurpark,bc5edd25-415e-40fb-8607-ad8c0b10ea4c,2025-07-04 04:00:00+02:00,2.0,7.47,4,0.8660254037844386,0.5000000000000001
2155,Kurpark,bc5edd25-415e-40fb-8607-ad8c0b10ea4c,2025-07-04 05:00:00+02:00,24.0,14.9425,4,0.9659258262890683,0.25881904510252074
2156,Kurpark,bc5edd25-415e-40fb-8607-ad8c0b10ea4c,2025-07-04 06:00:00+02:00,39.0,12.76,4,1.0,6.123233995736766e-17
2157,Kurpark,bc5edd25-415e-40fb-8607-ad8c0b10ea4c,2025-07-04 07:00:00+02:00,67.0,10.615,4,0.9659258262890683,-0.25881904510252063
2158,Kurpark,bc5edd25-415e-40fb-8607-ad8c0b10ea4c,2025-07-04 08:00:00+02:00,76.0,14.395,4,0.8660254037844387,-0.4999999999999998
2159,Kurpark,bc5edd25-415e-40fb-8607-ad8c0b10ea4c,2025-07-04 09:00:00+02:00,116.0,15.8475,4,0.7071067811865476,-0.7071067811865475
2160,Kurpark,bc5edd25-415e-40fb-8607-ad8c0b10ea4c,2025-07-04 10:00:00+02:00,195.0,18.0225,4,0.49999999999999994,-0.8660254037844387
2161,Kurpark,bc5edd25-415e-40fb-8607-ad8c0b10ea4c,2025-07-04 11:00:00+02:00,250.0,15.51,4,0.258819045102521,-0.9659258262890682
2162,Kurpark,bc5edd25-415e-40fb-8607-ad8c0b10ea4c,2025-07-04 12:00:00+02:00,229.0,18.377499999999998,4,1.2246467991473532e-16,-1.0
2163,Kurpark,bc5edd25-415e-40fb-8607-ad8c0b10ea4c,2025-07-04 13:00:00+02:00,250.0,18.79,4,-0.2588190451025208,-0.9659258262890683
2164,Kurpark,bc5edd25-415e-40fb-8607-ad8c0b10ea4c,2025-07-04 14:00:00+02:00,291.0,16.833333333333332,4,-0.4999999999999997,-0.8660254037844388
2165,Kurpark,bc5edd25-415e-40fb-8607-ad8c0b10ea4c,2025-07-04 15:00:00+02:00,154.0,5.28,4,-0.7071067811865471,-0.7071067811865479
2166,Kurpark,bc5edd25-415e-40fb-8607-ad8c0b10ea4c,2025-07-04 16:00:00+02:00,108.0,13.897499999999999,4,-0.8660254037844384,-0.5000000000000004
2167,Kurpark,bc5edd25-415e-40fb-8607-ad8c0b10ea4c,2025-07-04 17:00:00+02:00,304.0,16.685000000000002,4,-0.9659258262890683,-0.25881904510252063
2168,Kurpark,bc5edd25-415e-40fb-8607-ad8c0b10ea4c,2025-07-04 18:00:00+02:00,212.0,16.775,4,-1.0,-1.8369701987210297e-16
2169,Kurpark,bc5edd25-415e-40fb-8607-ad8c0b10ea4c,2025-07-04 19:00:00+02:00,166.0,14.2375,4,-0.9659258262890684,0.2588190451025203
2170,Kurpark,bc5edd25-415e-40fb-8607-ad8c0b10ea4c,2025-07-04 20:00:00+02:00,121.0,14.342500000000001,4,-0.8660254037844386,0.5000000000000001
2171,Kurpark,bc5edd25-415e-40fb-8607-ad8c0b10ea4c,2025-07-04 21:00:00+02:00,82.0,14.719999999999999,4,-0.7071067811865477,0.7071067811865474
2172,Kurpark,bc5edd25-415e-40fb-8607-ad8c0b10ea4c,2025-07-04 22:00:00+02:00,40.0,7.6825,4,-0.5000000000000004,0.8660254037844384
2173,Kurpark,bc5edd25-415e-40fb-8607-ad8c0b10ea4c,2025-07-04 23:00:00+02:00,4.0,2.41,4,-0.25881904510252157,0.9659258262890681
2174,Kurpark,bc5edd25-415e-40fb-8607-ad8c0b10ea4c,2025-07-05 00:00:00+02:00,21.0,7.255000000000001,5,0.0,1.0
2175,Kurpark,bc5edd25-415e-40fb-8607-ad8c0b10ea4c,2025-07-05 01:00:00+02:00,12.0,25.799999999999997,5,0.25881904510252074,0.9659258262890683
2176,Kurpark,bc5edd25-415e-40fb-8607-ad8c0b10ea4c,2025-07-05 02:00:00+02:00,3.0,27.573333333333334,5,0.49999999999999994,0.8660254037844387
2177,Kurpark,bc5edd25-415e-40fb-8607-ad8c0b10ea4c,2025-07-05 03:00:00+02:00,7.0,9.05,5,0.7071067811865475,0.7071067811865476
2178,Kurpark,bc5edd25-415e-40fb-8607-ad8c0b10ea4c,2025-07-05 04:00:00+02:00,4.0,18.3,5,0.8660254037844386,0.5000000000000001
2179,Kurpark,bc5edd25-415e-40fb-8607-ad8c0b10ea4c,2025-07-05 05:00:00+02:00,8.0,10.885,5,0.9659258262890683,0.25881904510252074
2180,Kurpark,bc5edd25-415e-40fb-8607-ad8c0b10ea4c,2025-07-05 06:00:00+02:00,30.0,9.86,5,1.0,6.123233995736766e-17
2181,Kurpark,bc5edd25-415e-40fb-8607-ad8c0b10ea4c,2025-07-05 07:00:00+02:00,32.0,14.56,5,0.9659258262890683,-0.25881904510252063
2182,Kurpark,bc5edd25-415e-40fb-8607-ad8c0b10ea4c,2025-07-05 08:00:00+02:00,103.0,10.920000000000002,5,0.8660254037844387,-0.4999999999999998
2183,Kurpark,bc5edd25-415e-40fb-8607-ad8c0b10ea4c,2025-07-05 10:00:00+02:00,0.0,0.0,5,0.49999999999999994,-0.8660254037844387
2184,Kurpark,bc5edd25-415e-40fb-8607-ad8c0b10ea4c,2025-07-05 11:00:00+02:00,244.0,16.6425,5,0.258819045102521,-0.9659258262890682
2185,Kurpark,bc5edd25-415e-40fb-8607-ad8c0b10ea4c,2025-07-05 12:00:00+02:00,408.0,17.28,5,1.2246467991473532e-16,-1.0
2186,Kurpark,bc5edd25-415e-40fb-8607-ad8c0b10ea4c,2025-07-05 13:00:00+02:00,366.0,21.1125,5,-0.2588190451025208,-0.9659258262890683
2187,Kurpark,bc5edd25-415e-40fb-8607-ad8c0b10ea4c,2025-07-05 14:00:00+02:00,411.0,20.6,5,-0.4999999999999997,-0.8660254037844388
2188,Kurpark,bc5edd25-415e-40fb-8607-ad8c0b10ea4c,2025-07-05 15:00:00+02:00,336.0,14.52,5,-0.7071067811865471,-0.7071067811865479
2189,Kurpark,bc5edd25-415e-40fb-8607-ad8c0b10ea4c,2025-07-05 18:00:00+02:00,228.0,18.323333333333334,5,-1.0,-1.8369701987210297e-16
2190,Kurpark,bc5edd25-415e-40fb-8607-ad8c0b10ea4c,2025-07-05 19:00:00+02:00,241.0,17.51,5,-0.9659258262890684,0.2588190451025203
2191,Kurpark,bc5edd25-415e-40fb-8607-ad8c0b10ea4c,2025-07-05 20:00:00+02:00,120.0,15.807500000000001,5,-0.8660254037844386,0.5000000000000001
2192,Kurpark,bc5edd25-415e-40fb-8607-ad8c0b10ea4c,2025-07-05 22:00:00+02:00,42.0,17.46,5,-0.5000000000000004,0.8660254037844384
2193,Kurpark,bc5edd25-415e-40fb-8607-ad8c0b10ea4c,2025-07-05 23:00:00+02:00,23.0,7.28,5,-0.25881904510252157,0.9659258262890681
2194,Kurpark,bc5edd25-415e-40fb-8607-ad8c0b10ea4c,2025-07-06 01:00:00+02:00,16.0,15.35,6,0.25881904510252074,0.9659258262890683
2195,Kurpark,bc5edd25-415e-40fb-8607-ad8c0b10ea4c,2025-07-06 02:00:00+02:00,6.0,17.32,6,0.49999999999999994,0.8660254037844387
2196,Kurpark,bc5edd25-415e-40fb-8607-ad8c0b10ea4c,2025-07-06 03:00:00+02:00,3.0,27.28,6,0.7071067811865475,0.7071067811865476
2197,Kurpark,bc5edd25-415e-40fb-8607-ad8c0b10ea4c,2025-07-06 04:00:00+02:00,4.0,5.69,6,0.8660254037844386,0.5000000000000001
2198,Kurpark,bc5edd25-415e-40fb-8607-ad8c0b10ea4c,2025-07-06 05:00:00+02:00,9.0,6.405,6,0.9659258262890683,0.25881904510252074
2199,Kurpark,bc5edd25-415e-40fb-8607-ad8c0b10ea4c,2025-07-06 06:00:00+02:00,17.0,21.63,6,1.0,6.123233995736766e-17
2200,Kurpark,bc5edd25-415e-40fb-8607-ad8c0b10ea4c,2025-07-06 07:00:00+02:00,22.0,8.473333333333334,6,0.9659258262890683,-0.25881904510252063
2201,Kurpark,bc5edd25-415e-40fb-8607-ad8c0b10ea4c,2025-07-06 08:00:00+02:00,66.0,18.595,6,0.8660254037844387,-0.4999999999999998
2202,Kurpark,bc5edd25-415e-40fb-8607-ad8c0b10ea4c,2025-07-06 09:00:00+02:00,105.0,17.63,6,0.7071067811865476,-0.7071067811865475
2203,Kurpark,bc5edd25-415e-40fb-8607-ad8c0b10ea4c,2025-07-06 10:00:00+02:00,286.0,29.47,6,0.49999999999999994,-0.8660254037844387
2204,Kurpark,bc5edd25-415e-40fb-8607-ad8c0b10ea4c,2025-07-06 11:00:00+02:00,504.0,17.785,6,0.258819045102521,-0.9659258262890682
2205,Kurpark,bc5edd25-415e-40fb-8607-ad8c0b10ea4c,2025-07-06 12:00:00+02:00,407.0,12.73,6,1.2246467991473532e-16,-1.0
2206,Kurpark,bc5edd25-415e-40fb-8607-ad8c0b10ea4c,2025-07-06 13:00:00+02:00,386.0,13.15,6,-0.2588190451025208,-0.9659258262890683
2207,Kurpark,bc5edd25-415e-40fb-8607-ad8c0b10ea4c,2025-07-06 14:00:00+02:00,462.0,17.69,6,-0.4999999999999997,-0.8660254037844388
2208,Kurpark,bc5edd25-415e-40fb-8607-ad8c0b10ea4c,2025-07-06 15:00:00+02:00,419.0,17.596666666666668,6,-0.7071067811865471,-0.7071067811865479
2209,Kurpark,bc5edd25-415e-40fb-8607-ad8c0b10ea4c,2025-07-06 16:00:00+02:00,262.0,19.625,6,-0.8660254037844384,-0.5000000000000004
2210,Kurpark,bc5edd25-415e-40fb-8607-ad8c0b10ea4c,2025-07-06 17:00:00+02:00,148.0,16.526666666666667,6,-0.9659258262890683,-0.25881904510252063
2211,Kurpark,bc5edd25-415e-40fb-8607-ad8c0b10ea4c,2025-07-06 18:00:00+02:00,125.0,14.793333333333331,6,-1.0,-1.8369701987210297e-16
2212,Kurpark,bc5edd25-415e-40fb-8607-ad8c0b10ea4c,2025-07-06 19:00:00+02:00,110.0,11.22,6,-0.9659258262890684,0.2588190451025203
2213,Kurpark,bc5edd25-415e-40fb-8607-ad8c0b10ea4c,2025-07-06 20:00:00+02:00,59.0,10.426666666666666,6,-0.8660254037844386,0.5000000000000001
2214,Kurpark,bc5edd25-415e-40fb-8607-ad8c0b10ea4c,2025-07-06 21:00:00+02:00,35.0,10.65,6,-0.7071067811865477,0.7071067811865474
2215,Kurpark,bc5edd25-415e-40fb-8607-ad8c0b10ea4c,2025-07-06 22:00:00+02:00,14.0,7.93,6,-0.5000000000000004,0.8660254037844384
2216,Kurpark,bc5edd25-415e-40fb-8607-ad8c0b10ea4c,2025-07-06 23:00:00+02:00,3.0,6.61,6,-0.25881904510252157,0.9659258262890681
2217,Kurpark,bc5edd25-415e-40fb-8607-ad8c0b10ea4c,2025-07-07 03:00:00+02:00,4.0,5.35,0,0.7071067811865475,0.7071067811865476
2218,Kurpark,bc5edd25-415e-40fb-8607-ad8c0b10ea4c,2025-07-07 04:00:00+02:00,3.0,4.22,0,0.8660254037844386,0.5000000000000001
2219,Kurpark,bc5edd25-415e-40fb-8607-ad8c0b10ea4c,2025-07-07 05:00:00+02:00,21.0,10.75,0,0.9659258262890683,0.25881904510252074
2220,Kurpark,bc5edd25-415e-40fb-8607-ad8c0b10ea4c,2025-07-07 06:00:00+02:00,40.0,8.416666666666666,0,1.0,6.123233995736766e-17
2221,Kurpark,bc5edd25-415e-40fb-8607-ad8c0b10ea4c,2025-07-07 07:00:00+02:00,49.0,8.44,0,0.9659258262890683,-0.25881904510252063
2222,Kurpark,bc5edd25-415e-40fb-8607-ad8c0b10ea4c,2025-07-07 08:00:00+02:00,62.0,8.67,0,0.8660254037844387,-0.4999999999999998
2223,Kurpark,bc5edd25-415e-40fb-8607-ad8c0b10ea4c,2025-07-07 09:00:00+02:00,111.0,16.93,0,0.7071067811865476,-0.7071067811865475
2224,Kurpark,bc5edd25-415e-40fb-8607-ad8c0b10ea4c,2025-07-07 11:00:00+02:00,96.0,10.52,0,0.258819045102521,-0.9659258262890682
2225,Kurpark,bc5edd25-415e-40fb-8607-ad8c0b10ea4c,2025-07-07 12:00:00+02:00,109.0,11.3125,0,1.2246467991473532e-16,-1.0
2226,Kurpark,bc5edd25-415e-40fb-8607-ad8c0b10ea4c,2025-07-07 14:00:00+02:00,91.0,14.435,0,-0.4999999999999997,-0.8660254037844388
2227,Kurpark,bc5edd25-415e-40fb-8607-ad8c0b10ea4c,2025-07-07 15:00:00+02:00,130.0,15.23,0,-0.7071067811865471,-0.7071067811865479
2228,Kurpark,bc5edd25-415e-40fb-8607-ad8c0b10ea4c,2025-07-07 16:00:00+02:00,159.0,15.076666666666668,0,-0.8660254037844384,-0.5000000000000004
2229,Kurpark,bc5edd25-415e-40fb-8607-ad8c0b10ea4c,2025-07-07 17:00:00+02:00,167.0,14.585,0,-0.9659258262890683,-0.25881904510252063
2230,Kurpark,bc5edd25-415e-40fb-8607-ad8c0b10ea4c,2025-07-07 18:00:00+02:00,96.0,11.893333333333333,0,-1.0,-1.8369701987210297e-16
2231,Kurpark,bc5edd25-415e-40fb-8607-ad8c0b10ea4c,2025-07-07 19:00:00+02:00,35.0,13.49,0,-0.9659258262890684,0.2588190451025203
2232,Kurpark,bc5edd25-415e-40fb-8607-ad8c0b10ea4c,2025-07-07 20:00:00+02:00,64.0,14.559999999999999,0,-0.8660254037844386,0.5000000000000001
2233,Kurpark,bc5edd25-415e-40fb-8607-ad8c0b10ea4c,2025-07-07 21:00:00+02:00,26.0,14.55,0,-0.7071067811865477,0.7071067811865474
2234,Kurpark,bc5edd25-415e-40fb-8607-ad8c0b10ea4c,2025-07-07 22:00:00+02:00,18.0,7.78,0,-0.5000000000000004,0.8660254037844384
2235,Kurpark,bc5edd25-415e-40fb-8607-ad8c0b10ea4c,2025-07-07 23:00:00+02:00,1.0,5.0,0,-0.25881904510252157,0.9659258262890681
2236,Kurpark,bc5edd25-415e-40fb-8607-ad8c0b10ea4c,2025-07-08 00:00:00+02:00,12.0,6.06,1,0.0,1.0
2237,Kurpark,bc5edd25-415e-40fb-8607-ad8c0b10ea4c,2025-07-08 01:00:00+02:00,6.0,5.62,1,0.25881904510252074,0.9659258262890683
2238,Kurpark,bc5edd25-415e-40fb-8607-ad8c0b10ea4c,2025-07-08 02:00:00+02:00,3.0,22.38,1,0.49999999999999994,0.8660254037844387
2239,Kurpark,bc5edd25-415e-40fb-8607-ad8c0b10ea4c,2025-07-08 03:00:00+02:00,1.0,44.28,1,0.7071067811865475,0.7071067811865476
2240,Kurpark,bc5edd25-415e-40fb-8607-ad8c0b10ea4c,2025-07-08 04:00:00+02:00,5.0,9.57,1,0.8660254037844386,0.5000000000000001
2241,Kurpark,bc5edd25-415e-40fb-8607-ad8c0b10ea4c,2025-07-08 07:00:00+02:00,68.0,13.76,1,0.9659258262890683,-0.25881904510252063
2242,Kurpark,bc5edd25-415e-40fb-8607-ad8c0b10ea4c,2025-07-08 08:00:00+02:00,64.0,13.182500000000001,1,0.8660254037844387,-0.4999999999999998
2243,Kurpark,bc5edd25-415e-40fb-8607-ad8c0b10ea4c,2025-07-08 09:00:00+02:00,105.0,12.82,1,0.7071067811865476,-0.7071067811865475
2244,Kurpark,bc5edd25-415e-40fb-8607-ad8c0b10ea4c,2025-07-08 10:00:00+02:00,145.0,13.55,1,0.49999999999999994,-0.8660254037844387
2245,Kurpark,bc5edd25-415e-40fb-8607-ad8c0b10ea4c,2025-07-08 11:00:00+02:00,150.0,14.23,1,0.258819045102521,-0.9659258262890682
2246,Kurpark,bc5edd25-415e-40fb-8607-ad8c0b10ea4c,2025-07-08 12:00:00+02:00,173.0,13.1075,1,1.2246467991473532e-16,-1.0
2247,Kurpark,bc5edd25-415e-40fb-8607-ad8c0b10ea4c,2025-07-08 13:00:00+02:00,178.0,14.93,1,-0.2588190451025208,-0.9659258262890683
2248,Kurpark,bc5edd25-415e-40fb-8607-ad8c0b10ea4c,2025-07-08 15:00:00+02:00,272.0,16.17,1,-0.7071067811865471,-0.7071067811865479
2249,Kurpark,bc5edd25-415e-40fb-8607-ad8c0b10ea4c,2025-07-09 10:00:00+02:00,142.0,12.765,2,0.49999999999999994,-0.8660254037844387
2250,Kurpark,bc5edd25-415e-40fb-8607-ad8c0b10ea4c,2025-07-09 11:00:00+02:00,175.0,18.18,2,0.258819045102521,-0.9659258262890682
2251,Kurpark,bc5edd25-415e-40fb-8607-ad8c0b10ea4c,2025-07-09 14:00:00+02:00,241.0,20.21,2,-0.4999999999999997,-0.8660254037844388
2252,Kurpark,bc5edd25-415e-40fb-8607-ad8c0b10ea4c,2025-07-09 15:00:00+02:00,282.0,19.14,2,-0.7071067811865471,-0.7071067811865479
2253,Kurpark,bc5edd25-415e-40fb-8607-ad8c0b10ea4c,2025-07-09 16:00:00+02:00,290.0,20.74,2,-0.8660254037844384,-0.5000000000000004
2254,Kurpark,bc5edd25-415e-40fb-8607-ad8c0b10ea4c,2025-07-09 17:00:00+02:00,254.0,15.1775,2,-0.9659258262890683,-0.25881904510252063
2255,Kurpark,bc5edd25-415e-40fb-8607-ad8c0b10ea4c,2025-07-09 18:00:00+02:00,219.0,14.9825,2,-1.0,-1.8369701987210297e-16
2256,Kurpark,bc5edd25-415e-40fb-8607-ad8c0b10ea4c,2025-07-09 19:00:00+02:00,134.0,15.2925,2,-0.9659258262890684,0.2588190451025203
2257,Kurpark,bc5edd25-415e-40fb-8607-ad8c0b10ea4c,2025-07-09 20:00:00+02:00,96.0,14.084999999999999,2,-0.8660254037844386,0.5000000000000001
2258,Kurpark,bc5edd25-415e-40fb-8607-ad8c0b10ea4c,2025-07-09 21:00:00+02:00,63.0,18.475,2,-0.7071067811865477,0.7071067811865474
2259,Kurpark,bc5edd25-415e-40fb-8607-ad8c0b10ea4c,2025-07-09 22:00:00+02:00,30.0,9.023333333333333,2,-0.5000000000000004,0.8660254037844384
2260,Kurpark,bc5edd25-415e-40fb-8607-ad8c0b10ea4c,2025-07-09 23:00:00+02:00,10.0,5.665,2,-0.25881904510252157,0.9659258262890681
2261,Kurpark,bc5edd25-415e-40fb-8607-ad8c0b10ea4c,2025-07-10 09:00:00+02:00,111.0,15.959999999999999,3,0.7071067811865476,-0.7071067811865475
2262,Kurpark,bc5edd25-415e-40fb-8607-ad8c0b10ea4c,2025-07-10 10:00:00+02:00,179.0,19.105,3,0.49999999999999994,-0.8660254037844387
2263,Kurpark,bc5edd25-415e-40fb-8607-ad8c0b10ea4c,2025-07-10 11:00:00+02:00,232.0,15.6525,3,0.258819045102521,-0.9659258262890682
2264,Kurpark,bc5edd25-415e-40fb-8607-ad8c0b10ea4c,2025-07-10 12:00:00+02:00,242.0,18.6725,3,1.2246467991473532e-16,-1.0
2265,Kurpark,bc5edd25-415e-40fb-8607-ad8c0b10ea4c,2025-07-10 13:00:00+02:00,274.0,15.837499999999999,3,-0.2588190451025208,-0.9659258262890683
2266,Kurpark,bc5edd25-415e-40fb-8607-ad8c0b10ea4c,2025-07-10 14:00:00+02:00,189.0,12.692499999999999,3,-0.4999999999999997,-0.8660254037844388
2267,Kurpark,bc5edd25-415e-40fb-8607-ad8c0b10ea4c,2025-07-10 15:00:00+02:00,315.0,20.47,3,-0.7071067811865471,-0.7071067811865479
2268,Kurpark,bc5edd25-415e-40fb-8607-ad8c0b10ea4c,2025-07-10 16:00:00+02:00,308.0,17.025,3,-0.8660254037844384,-0.5000000000000004
2269,Kurpark,bc5edd25-415e-40fb-8607-ad8c0b10ea4c,2025-07-10 17:00:00+02:00,224.0,13.495000000000001,3,-0.9659258262890683,-0.25881904510252063
2270,Kurpark,bc5edd25-415e-40fb-8607-ad8c0b10ea4c,2025-07-10 18:00:00+02:00,169.0,15.4525,3,-1.0,-1.8369701987210297e-16
2271,Kurpark,bc5edd25-415e-40fb-8607-ad8c0b10ea4c,2025-07-10 19:00:00+02:00,168.0,14.2225,3,-0.9659258262890684,0.2588190451025203
2272,Kurpark,bc5edd25-415e-40fb-8607-ad8c0b10ea4c,2025-07-10 20:00:00+02:00,99.0,13.48,3,-0.8660254037844386,0.5000000000000001
2273,Kurpark,bc5edd25-415e-40fb-8607-ad8c0b10ea4c,2025-07-10 21:00:00+02:00,55.0,17.1075,3,-0.7071067811865477,0.7071067811865474
2274,Kurpark,bc5edd25-415e-40fb-8607-ad8c0b10ea4c,2025-07-10 22:00:00+02:00,48.0,9.225,3,-0.5000000000000004,0.8660254037844384
2275,Kurpark,bc5edd25-415e-40fb-8607-ad8c0b10ea4c,2025-07-10 23:00:00+02:00,5.0,5.2,3,-0.25881904510252157,0.9659258262890681
2276,Kurpark,bc5edd25-415e-40fb-8607-ad8c0b10ea4c,2025-07-11 01:00:00+02:00,8.0,10.12,4,0.25881904510252074,0.9659258262890683
2277,Kurpark,bc5edd25-415e-40fb-8607-ad8c0b10ea4c,2025-07-11 02:00:00+02:00,3.0,2.59,4,0.49999999999999994,0.8660254037844387
2278,Kurpark,bc5edd25-415e-40fb-8607-ad8c0b10ea4c,2025-07-11 03:00:00+02:00,2.0,0.77,4,0.7071067811865475,0.7071067811865476
2279,Kurpark,bc5edd25-415e-40fb-8607-ad8c0b10ea4c,2025-07-11 04:00:00+02:00,7.0,11.173333333333332,4,0.8660254037844386,0.5000000000000001
2280,Kurpark,bc5edd25-415e-40fb-8607-ad8c0b10ea4c,2025-07-11 05:00:00+02:00,19.0,17.345,4,0.9659258262890683,0.25881904510252074
2281,Kurpark,bc5edd25-415e-40fb-8607-ad8c0b10ea4c,2025-07-11 06:00:00+02:00,43.0,11.3575,4,1.0,6.123233995736766e-17
2282,Kurpark,bc5edd25-415e-40fb-8607-ad8c0b10ea4c,2025-07-11 07:00:00+02:00,26.0,11.7975,4,0.9659258262890683,-0.25881904510252063
2283,Kurpark,bc5edd25-415e-40fb-8607-ad8c0b10ea4c,2025-07-11 08:00:00+02:00,75.0,10.725,4,0.8660254037844387,-0.4999999999999998
2284,Kurpark,bc5edd25-415e-40fb-8607-ad8c0b10ea4c,2025-07-11 19:00:00+02:00,153.0,17.92,4,-0.9659258262890684,0.2588190451025203
2285,Kurpark,bc5edd25-415e-40fb-8607-ad8c0b10ea4c,2025-07-11 21:00:00+02:00,69.0,16.49,4,-0.7071067811865477,0.7071067811865474
2286,Kurpark,bc5edd25-415e-40fb-8607-ad8c0b10ea4c,2025-07-11 22:00:00+02:00,60.0,9.83,4,-0.5000000000000004,0.8660254037844384
2287,Kurpark,bc5edd25-415e-40fb-8607-ad8c0b10ea4c,2025-07-11 23:00:00+02:00,12.0,3.68,4,-0.25881904510252157,0.9659258262890681
2288,Kurpark,bc5edd25-415e-40fb-8607-ad8c0b10ea4c,2025-07-12 01:00:00+02:00,3.0,27.51,5,0.25881904510252074,0.9659258262890683
2289,Kurpark,bc5edd25-415e-40fb-8607-ad8c0b10ea4c,2025-07-12 08:00:00+02:00,44.0,8.49,5,0.8660254037844387,-0.4999999999999998
2290,Kurpark,bc5edd25-415e-40fb-8607-ad8c0b10ea4c,2025-07-12 09:00:00+02:00,132.0,22.48,5,0.7071067811865476,-0.7071067811865475
2291,Kurpark,bc5edd25-415e-40fb-8607-ad8c0b10ea4c,2025-07-12 12:00:00+02:00,318.0,12.02,5,1.2246467991473532e-16,-1.0
2292,Kurpark,bc5edd25-415e-40fb-8607-ad8c0b10ea4c,2025-07-12 13:00:00+02:00,302.0,21.447499999999998,5,-0.2588190451025208,-0.9659258262890683
2293,Kurpark,bc5edd25-415e-40fb-8607-ad8c0b10ea4c,2025-07-12 14:00:00+02:00,355.0,21.5375,5,-0.4999999999999997,-0.8660254037844388
2294,Kurpark,bc5edd25-415e-40fb-8607-ad8c0b10ea4c,2025-07-12 15:00:00+02:00,467.0,18.396666666666665,5,-0.7071067811865471,-0.7071067811865479
2295,Kurpark,bc5edd25-415e-40fb-8607-ad8c0b10ea4c,2025-07-12 16:00:00+02:00,332.0,18.0075,5,-0.8660254037844384,-0.5000000000000004
2296,Kurpark,bc5edd25-415e-40fb-8607-ad8c0b10ea4c,2025-07-12 17:00:00+02:00,257.0,17.285,5,-0.9659258262890683,-0.25881904510252063
2297,Kurpark,bc5edd25-415e-40fb-8607-ad8c0b10ea4c,2025-07-12 18:00:00+02:00,227.0,15.69,5,-1.0,-1.8369701987210297e-16
2298,Kurpark,bc5edd25-415e-40fb-8607-ad8c0b10ea4c,2025-07-12 19:00:00+02:00,158.0,12.940000000000001,5,-0.9659258262890684,0.2588190451025203
2299,Kurpark,bc5edd25-415e-40fb-8607-ad8c0b10ea4c,2025-07-12 20:00:00+02:00,82.0,16.655,5,-0.8660254037844386,0.5000000000000001
2300,Kurpark,bc5edd25-415e-40fb-8607-ad8c0b10ea4c,2025-07-12 21:00:00+02:00,60.0,13.13,5,-0.7071067811865477,0.7071067811865474
2301,Kurpark,bc5edd25-415e-40fb-8607-ad8c0b10ea4c,2025-07-12 22:00:00+02:00,30.0,9.683333333333334,5,-0.5000000000000004,0.8660254037844384
2302,Kurpark,bc5edd25-415e-40fb-8607-ad8c0b10ea4c,2025-07-12 23:00:00+02:00,9.0,4.57,5,-0.25881904510252157,0.9659258262890681
2303,Kurpark,bc5edd25-415e-40fb-8607-ad8c0b10ea4c,2025-07-13 01:00:00+02:00,7.0,10.79,6,0.25881904510252074,0.9659258262890683
2304,Kurpark,bc5edd25-415e-40fb-8607-ad8c0b10ea4c,2025-07-13 02:00:00+02:00,16.0,12.586666666666666,6,0.49999999999999994,0.8660254037844387
2305,Kurpark,bc5edd25-415e-40fb-8607-ad8c0b10ea4c,2025-07-13 03:00:00+02:00,1.0,2.85,6,0.7071067811865475,0.7071067811865476
2306,Kurpark,bc5edd25-415e-40fb-8607-ad8c0b10ea4c,2025-07-13 04:00:00+02:00,4.0,16.543333333333333,6,0.8660254037844386,0.5000000000000001
2307,Kurpark,bc5edd25-415e-40fb-8607-ad8c0b10ea4c,2025-07-13 05:00:00+02:00,6.0,15.28,6,0.9659258262890683,0.25881904510252074
2308,Kurpark,bc5edd25-415e-40fb-8607-ad8c0b10ea4c,2025-07-13 23:00:00+02:00,0.0,0.0,6,-0.25881904510252157,0.9659258262890681
2309,Kurpark,bc5edd25-415e-40fb-8607-ad8c0b10ea4c,2025-07-14 00:00:00+02:00,9.0,24.38,0,0.0,1.0
2310,Kurpark,bc5edd25-415e-40fb-8607-ad8c0b10ea4c,2025-07-14 01:00:00+02:00,5.0,40.085,0,0.25881904510252074,0.9659258262890683
