,name,SID,timestamp,visitors,avgDuration,weekday,hour_sin,hour_cos,weekday_sin,weekday_cos
1685,Hauptstraße 52 Marktplatz,5ee75133-74ce-4a65-ac22-be263ad8566a,2025-06-30 03:00:00+02:00,2.0,7.9,0,0.7071067811865475,0.7071067811865476,0.0,1.0
1686,Hauptstraße 52 Marktplatz,5ee75133-74ce-4a65-ac22-be263ad8566a,2025-06-30 04:00:00+02:00,5.0,7.01,0,0.8660254037844386,0.5000000000000001,0.0,1.0
1687,Hauptstraße 52 Marktplatz,5ee75133-74ce-4a65-ac22-be263ad8566a,2025-06-30 05:00:00+02:00,3.0,2.15,0,0.9659258262890683,0.25881904510252074,0.0,1.0
1688,Hauptstraße 52 Marktplatz,5ee75133-74ce-4a65-ac22-be263ad8566a,2025-06-30 06:00:00+02:00,16.0,9.3725,0,1.0,6.123233995736766e-17,0.0,1.0
1689,Hauptstraße 52 Marktplatz,5ee75133-74ce-4a65-ac22-be263ad8566a,2025-06-30 07:00:00+02:00,25.0,3.3725,0,0.9659258262890683,-0.25881904510252063,0.0,1.0
1690,Hauptstraße 52 Marktplatz,5ee75133-74ce-4a65-ac22-be263ad8566a,2025-06-30 08:00:00+02:00,18.0,4.734999999999999,0,0.8660254037844387,-0.4999999999999998,0.0,1.0
1691,Hauptstraße 52 Marktplatz,5ee75133-74ce-4a65-ac22-be263ad8566a,2025-06-30 09:00:00+02:00,18.0,14.3075,0,0.7071067811865476,-0.7071067811865475,0.0,1.0
7414,Hauptstraße 52 Marktplatz,5ee75133-74ce-4a65-ac22-be263ad8566a,2025-06-30 10:00:00+02:00,24.0,5.58,0,0.49999999999999994,-0.8660254037844387,0.0,1.0
1692,Hauptstraße 52 Marktplatz,5ee75133-74ce-4a65-ac22-be263ad8566a,2025-06-30 11:00:00+02:00,38.0,8.5725,0,0.258819045102521,-0.9659258262890682,0.0,1.0
1693,Hauptstraße 52 Marktplatz,5ee75133-74ce-4a65-ac22-be263ad8566a,2025-06-30 12:00:00+02:00,40.0,13.905,0,1.2246467991473532e-16,-1.0,0.0,1.0
1694,Hauptstraße 52 Marktplatz,5ee75133-74ce-4a65-ac22-be263ad8566a,2025-06-30 13:00:00+02:00,27.0,11.2975,0,-0.2588190451025208,-0.9659258262890683,0.0,1.0
1695,Hauptstraße 52 Marktplatz,5ee75133-74ce-4a65-ac22-be263ad8566a,2025-06-30 14:00:00+02:00,44.0,7.5625,0,-0.4999999999999997,-0.8660254037844388,0.0,1.0
1696,Hauptstraße 52 Marktplatz,5ee75133-74ce-4a65-ac22-be263ad8566a,2025-06-30 15:00:00+02:00,23.0,11.57,0,-0.7071067811865471,-0.7071067811865479,0.0,1.0
1697,Hauptstraße 52 Marktplatz,5ee75133-74ce-4a65-ac22-be263ad8566a,2025-06-30 16:00:00+02:00,39.0,9.646666666666667,0,-0.8660254037844384,-0.5000000000000004,0.0,1.0
1698,Hauptstraße 52 Marktplatz,5ee75133-74ce-4a65-ac22-be263ad8566a,2025-06-30 17:00:00+02:00,32.0,9.403333333333334,0,-0.9659258262890683,-0.25881904510252063,0.0,1.0
1699,Hauptstraße 52 Marktplatz,5ee75133-74ce-4a65-ac22-be263ad8566a,2025-06-30 18:00:00+02:00,50.0,12.379999999999999,0,-1.0,-1.8369701987210297e-16,0.0,1.0
1700,Hauptstraße 52 Marktplatz,5ee75133-74ce-4a65-ac22-be263ad8566a,2025-06-30 19:00:00+02:00,39.0,15.146666666666667,0,-0.9659258262890684,0.2588190451025203,0.0,1.0
1701,Hauptstraße 52 Marktplatz,5ee75133-74ce-4a65-ac22-be263ad8566a,2025-06-30 20:00:00+02:00,49.0,16.5125,0,-0.8660254037844386,0.5000000000000001,0.0,1.0
1702,Hauptstraße 52 Marktplatz,5ee75133-74ce-4a65-ac22-be263ad8566a,2025-06-30 21:00:00+02:00,28.0,16.568,0,-0.7071067811865477,0.7071067811865474,0.0,1.0
1703,Hauptstraße 52 Marktplatz,5ee75133-74ce-4a65-ac22-be263ad8566a,2025-06-30 22:00:00+02:00,12.0,9.816666666666666,0,-0.5000000000000004,0.8660254037844384,0.0,1.0
1704,Hauptstraße 52 Marktplatz,5ee75133-74ce-4a65-ac22-be263ad8566a,2025-06-30 23:00:00+02:00,2.0,1.7,0,-0.25881904510252157,0.9659258262890681,0.0,1.0
1705,Hauptstraße 52 Marktplatz,5ee75133-74ce-4a65-ac22-be263ad8566a,2025-07-01 00:00:00+02:00,11.0,5.32,1,0.0,1.0,0.7818314824680298,0.6234898018587336
1706,Hauptstraße 52 Marktplatz,5ee75133-74ce-4a65-ac22-be263ad8566a,2025-07-01 01:00:00+02:00,7.0,1.58,1,0.25881904510252074,0.9659258262890683,0.7818314824680298,0.6234898018587336
1707,Hauptstraße 52 Marktplatz,5ee75133-74ce-4a65-ac22-be263ad8566a,2025-07-01 02:00:00+02:00,1.0,29.0,1,0.49999999999999994,0.8660254037844387,0.7818314824680298,0.6234898018587336
1708,Hauptstraße 52 Marktplatz,5ee75133-74ce-4a65-ac22-be263ad8566a,2025-07-01 03:00:00+02:00,3.0,16.51,1,0.7071067811865475,0.7071067811865476,0.7818314824680298,0.6234898018587336
1709,Hauptstraße 52 Marktplatz,5ee75133-74ce-4a65-ac22-be263ad8566a,2025-07-01 04:00:00+02:00,3.0,3.67,1,0.8660254037844386,0.5000000000000001,0.7818314824680298,0.6234898018587336
1710,Hauptstraße 52 Marktplatz,5ee75133-74ce-4a65-ac22-be263ad8566a,2025-07-01 05:00:00+02:00,3.0,2.05,1,0.9659258262890683,0.25881904510252074,0.7818314824680298,0.6234898018587336
1711,Hauptstraße 52 Marktplatz,5ee75133-74ce-4a65-ac22-be263ad8566a,2025-07-01 06:00:00+02:00,16.0,5.237500000000001,1,1.0,6.123233995736766e-17,0.7818314824680298,0.6234898018587336
1712,Hauptstraße 52 Marktplatz,5ee75133-74ce-4a65-ac22-be263ad8566a,2025-07-01 07:00:00+02:00,32.0,5.4775,1,0.9659258262890683,-0.25881904510252063,0.7818314824680298,0.6234898018587336
1713,Hauptstraße 52 Marktplatz,5ee75133-74ce-4a65-ac22-be263ad8566a,2025-07-01 08:00:00+02:00,23.0,8.805,1,0.8660254037844387,-0.4999999999999998,0.7818314824680298,0.6234898018587336
1714,Hauptstraße 52 Marktplatz,5ee75133-74ce-4a65-ac22-be263ad8566a,2025-07-01 09:00:00+02:00,23.0,7.336666666666666,1,0.7071067811865476,-0.7071067811865475,0.7818314824680298,0.6234898018587336
1715,Hauptstraße 52 Marktplatz,5ee75133-74ce-4a65-ac22-be263ad8566a,2025-07-01 10:00:00+02:00,21.0,14.456666666666665,1,0.49999999999999994,-0.8660254037844387,0.7818314824680298,0.6234898018587336
1716,Hauptstraße 52 Marktplatz,5ee75133-74ce-4a65-ac22-be263ad8566a,2025-07-01 11:00:00+02:00,27.0,7.075,1,0.258819045102521,-0.9659258262890682,0.7818314824680298,0.6234898018587336
1717,Hauptstraße 52 Marktplatz,5ee75133-74ce-4a65-ac22-be263ad8566a,2025-07-01 12:00:00+02:00,24.0,6.493333333333333,1,1.2246467991473532e-16,-1.0,0.7818314824680298,0.6234898018587336
1718,Hauptstraße 52 Marktplatz,5ee75133-74ce-4a65-ac22-be263ad8566a,2025-07-01 13:00:00+02:00,24.0,4.3225,1,-0.2588190451025208,-0.9659258262890683,0.7818314824680298,0.6234898018587336
1719,Hauptstraße 52 Marktplatz,5ee75133-74ce-4a65-ac22-be263ad8566a,2025-07-01 14:00:00+02:00,19.0,9.47,1,-0.4999999999999997,-0.8660254037844388,0.7818314824680298,0.6234898018587336
1720,Hauptstraße 52 Marktplatz,5ee75133-74ce-4a65-ac22-be263ad8566a,2025-07-01 15:00:00+02:00,18.0,10.120000000000001,1,-0.7071067811865471,-0.7071067811865479,0.7818314824680298,0.6234898018587336
1721,Hauptstraße 52 Marktplatz,5ee75133-74ce-4a65-ac22-be263ad8566a,2025-07-01 16:00:00+02:00,26.0,10.233333333333334,1,-0.8660254037844384,-0.5000000000000004,0.7818314824680298,0.6234898018587336
1722,Hauptstraße 52 Marktplatz,5ee75133-74ce-4a65-ac22-be263ad8566a,2025-07-01 17:00:00+02:00,23.0,5.755,1,-0.9659258262890683,-0.25881904510252063,0.7818314824680298,0.6234898018587336
1723,Hauptstraße 52 Marktplatz,5ee75133-74ce-4a65-ac22-be263ad8566a,2025-07-01 18:00:00+02:00,34.0,6.717499999999999,1,-1.0,-1.8369701987210297e-16,0.7818314824680298,0.6234898018587336
1724,Hauptstraße 52 Marktplatz,5ee75133-74ce-4a65-ac22-be263ad8566a,2025-07-01 19:00:00+02:00,40.0,15.025,1,-0.9659258262890684,0.2588190451025203,0.7818314824680298,0.6234898018587336
1725,Hauptstraße 52 Marktplatz,5ee75133-74ce-4a65-ac22-be263ad8566a,2025-07-01 20:00:00+02:00,29.0,16.995,1,-0.8660254037844386,0.5000000000000001,0.7818314824680298,0.6234898018587336
1726,Hauptstraße 52 Marktplatz,5ee75133-74ce-4a65-ac22-be263ad8566a,2025-07-01 21:00:00+02:00,25.0,12.953333333333333,1,-0.7071067811865477,0.7071067811865474,0.7818314824680298,0.6234898018587336
1727,Hauptstraße 52 Marktplatz,5ee75133-74ce-4a65-ac22-be263ad8566a,2025-07-01 22:00:00+02:00,9.0,7.407500000000001,1,-0.5000000000000004,0.8660254037844384,0.7818314824680298,0.6234898018587336
1728,Hauptstraße 52 Marktplatz,5ee75133-74ce-4a65-ac22-be263ad8566a,2025-07-01 23:00:00+02:00,1.0,0.13,1,-0.25881904510252157,0.9659258262890681,0.7818314824680298,0.6234898018587336
1729,Hauptstraße 52 Marktplatz,5ee75133-74ce-4a65-ac22-be263ad8566a,2025-07-02 00:00:00+02:00,13.0,28.21,2,0.0,1.0,0.9749279121818236,-0.22252093395631434
1730,Hauptstraße 52 Marktplatz,5ee75133-74ce-4a65-ac22-be263ad8566a,2025-07-02 01:00:00+02:00,4.0,27.75666666666667,2,0.25881904510252074,0.9659258262890683,0.9749279121818236,-0.22252093395631434
7415,Hauptstraße 52 Marktplatz,5ee75133-74ce-4a65-ac22-be263ad8566a,2025-07-02 02:00:00+02:00,2.0,13.878333333333336,2,0.25881904510252074,0.9659258262890683,0.9749279121818236,-0.22252093395631434
1731,Hauptstraße 52 Marktplatz,5ee75133-74ce-4a65-ac22-be263ad8566a,2025-07-02 03:00:00+02:00,0.0,0.0,2,0.7071067811865475,0.7071067811865476,0.9749279121818236,-0.22252093395631434
1732,Hauptstraße 52 Marktplatz,5ee75133-74ce-4a65-ac22-be263ad8566a,2025-07-02 04:00:00+02:00,3.0,15.15,2,0.8660254037844386,0.5000000000000001,0.9749279121818236,-0.22252093395631434
1733,Hauptstraße 52 Marktplatz,5ee75133-74ce-4a65-ac22-be263ad8566a,2025-07-02 05:00:00+02:00,4.0,7.3325,2,0.9659258262890683,0.25881904510252074,0.9749279121818236,-0.22252093395631434
1734,Hauptstraße 52 Marktplatz,5ee75133-74ce-4a65-ac22-be263ad8566a,2025-07-02 06:00:00+02:00,7.0,7.846666666666667,2,1.0,6.123233995736766e-17,0.9749279121818236,-0.22252093395631434
1735,Hauptstraße 52 Marktplatz,5ee75133-74ce-4a65-ac22-be263ad8566a,2025-07-02 07:00:00+02:00,33.0,6.573333333333333,2,0.9659258262890683,-0.25881904510252063,0.9749279121818236,-0.22252093395631434
1736,Hauptstraße 52 Marktplatz,5ee75133-74ce-4a65-ac22-be263ad8566a,2025-07-02 08:00:00+02:00,26.0,6.796666666666667,2,0.8660254037844387,-0.4999999999999998,0.9749279121818236,-0.22252093395631434
1737,Hauptstraße 52 Marktplatz,5ee75133-74ce-4a65-ac22-be263ad8566a,2025-07-02 09:00:00+02:00,20.0,9.915,2,0.7071067811865476,-0.7071067811865475,0.9749279121818236,-0.22252093395631434
1738,Hauptstraße 52 Marktplatz,5ee75133-74ce-4a65-ac22-be263ad8566a,2025-07-02 10:00:00+02:00,21.0,10.65,2,0.49999999999999994,-0.8660254037844387,0.9749279121818236,-0.22252093395631434
1739,Hauptstraße 52 Marktplatz,5ee75133-74ce-4a65-ac22-be263ad8566a,2025-07-02 11:00:00+02:00,31.0,9.82,2,0.258819045102521,-0.9659258262890682,0.9749279121818236,-0.22252093395631434
1740,Hauptstraße 52 Marktplatz,5ee75133-74ce-4a65-ac22-be263ad8566a,2025-07-02 12:00:00+02:00,29.0,10.0475,2,1.2246467991473532e-16,-1.0,0.9749279121818236,-0.22252093395631434
1741,Hauptstraße 52 Marktplatz,5ee75133-74ce-4a65-ac22-be263ad8566a,2025-07-02 13:00:00+02:00,25.0,10.870000000000001,2,-0.2588190451025208,-0.9659258262890683,0.9749279121818236,-0.22252093395631434
1742,Hauptstraße 52 Marktplatz,5ee75133-74ce-4a65-ac22-be263ad8566a,2025-07-02 14:00:00+02:00,22.0,5.22,2,-0.4999999999999997,-0.8660254037844388,0.9749279121818236,-0.22252093395631434
1743,Hauptstraße 52 Marktplatz,5ee75133-74ce-4a65-ac22-be263ad8566a,2025-07-02 15:00:00+02:00,22.0,8.4375,2,-0.7071067811865471,-0.7071067811865479,0.9749279121818236,-0.22252093395631434
1744,Hauptstraße 52 Marktplatz,5ee75133-74ce-4a65-ac22-be263ad8566a,2025-07-02 16:00:00+02:00,38.0,9.870000000000001,2,-0.8660254037844384,-0.5000000000000004,0.9749279121818236,-0.22252093395631434
1745,Hauptstraße 52 Marktplatz,5ee75133-74ce-4a65-ac22-be263ad8566a,2025-07-02 17:00:00+02:00,33.0,14.335,2,-0.9659258262890683,-0.25881904510252063,0.9749279121818236,-0.22252093395631434
1746,Hauptstraße 52 Marktplatz,5ee75133-74ce-4a65-ac22-be263ad8566a,2025-07-02 18:00:00+02:00,36.0,11.4375,2,-1.0,-1.8369701987210297e-16,0.9749279121818236,-0.22252093395631434
1747,Hauptstraße 52 Marktplatz,5ee75133-74ce-4a65-ac22-be263ad8566a,2025-07-02 19:00:00+02:00,30.0,20.585,2,-0.9659258262890684,0.2588190451025203,0.9749279121818236,-0.22252093395631434
1748,Hauptstraße 52 Marktplatz,5ee75133-74ce-4a65-ac22-be263ad8566a,2025-07-02 20:00:00+02:00,37.0,22.155,2,-0.8660254037844386,0.5000000000000001,0.9749279121818236,-0.22252093395631434
1749,Hauptstraße 52 Marktplatz,5ee75133-74ce-4a65-ac22-be263ad8566a,2025-07-02 21:00:00+02:00,23.0,9.395,2,-0.7071067811865477,0.7071067811865474,0.9749279121818236,-0.22252093395631434
1750,Hauptstraße 52 Marktplatz,5ee75133-74ce-4a65-ac22-be263ad8566a,2025-07-02 22:00:00+02:00,6.0,7.080000000000001,2,-0.5000000000000004,0.8660254037844384,0.9749279121818236,-0.22252093395631434
7416,Hauptstraße 52 Marktplatz,5ee75133-74ce-4a65-ac22-be263ad8566a,2025-07-02 23:00:00+02:00,3.0,5.46,2,-0.25881904510252157,0.9659258262890681,0.9749279121818236,-0.22252093395631434
7417,Hauptstraße 52 Marktplatz,5ee75133-74ce-4a65-ac22-be263ad8566a,2025-07-03 00:00:00+02:00,3.0,26.555,2,-0.25881904510252157,0.9659258262890681,0.9749279121818236,-0.22252093395631434
1751,Hauptstraße 52 Marktplatz,5ee75133-74ce-4a65-ac22-be263ad8566a,2025-07-03 01:00:00+02:00,4.0,47.65,3,0.25881904510252074,0.9659258262890683,0.43388373911755823,-0.900968867902419
1752,Hauptstraße 52 Marktplatz,5ee75133-74ce-4a65-ac22-be263ad8566a,2025-07-03 02:00:00+02:00,3.0,54.9475,3,0.49999999999999994,0.8660254037844387,0.43388373911755823,-0.900968867902419
1753,Hauptstraße 52 Marktplatz,5ee75133-74ce-4a65-ac22-be263ad8566a,2025-07-03 03:00:00+02:00,1.0,2.43,3,0.7071067811865475,0.7071067811865476,0.43388373911755823,-0.900968867902419
1754,Hauptstraße 52 Marktplatz,5ee75133-74ce-4a65-ac22-be263ad8566a,2025-07-03 04:00:00+02:00,1.0,45.5,3,0.8660254037844386,0.5000000000000001,0.43388373911755823,-0.900968867902419
1755,Hauptstraße 52 Marktplatz,5ee75133-74ce-4a65-ac22-be263ad8566a,2025-07-03 05:00:00+02:00,3.0,9.665,3,0.9659258262890683,0.25881904510252074,0.43388373911755823,-0.900968867902419
1756,Hauptstraße 52 Marktplatz,5ee75133-74ce-4a65-ac22-be263ad8566a,2025-07-03 06:00:00+02:00,16.0,7.71,3,1.0,6.123233995736766e-17,0.43388373911755823,-0.900968867902419
1757,Hauptstraße 52 Marktplatz,5ee75133-74ce-4a65-ac22-be263ad8566a,2025-07-03 07:00:00+02:00,24.0,7.3500000000000005,3,0.9659258262890683,-0.25881904510252063,0.43388373911755823,-0.900968867902419
1758,Hauptstraße 52 Marktplatz,5ee75133-74ce-4a65-ac22-be263ad8566a,2025-07-03 08:00:00+02:00,24.0,8.4075,3,0.8660254037844387,-0.4999999999999998,0.43388373911755823,-0.900968867902419
1759,Hauptstraße 52 Marktplatz,5ee75133-74ce-4a65-ac22-be263ad8566a,2025-07-03 09:00:00+02:00,19.0,12.3225,3,0.7071067811865476,-0.7071067811865475,0.43388373911755823,-0.900968867902419
1760,Hauptstraße 52 Marktplatz,5ee75133-74ce-4a65-ac22-be263ad8566a,2025-07-03 10:00:00+02:00,29.0,11.925,3,0.49999999999999994,-0.8660254037844387,0.43388373911755823,-0.900968867902419
1761,Hauptstraße 52 Marktplatz,5ee75133-74ce-4a65-ac22-be263ad8566a,2025-07-03 11:00:00+02:00,37.0,14.7875,3,0.258819045102521,-0.9659258262890682,0.43388373911755823,-0.900968867902419
1762,Hauptstraße 52 Marktplatz,5ee75133-74ce-4a65-ac22-be263ad8566a,2025-07-03 12:00:00+02:00,28.0,10.386666666666667,3,1.2246467991473532e-16,-1.0,0.43388373911755823,-0.900968867902419
1763,Hauptstraße 52 Marktplatz,5ee75133-74ce-4a65-ac22-be263ad8566a,2025-07-03 13:00:00+02:00,36.0,8.833333333333334,3,-0.2588190451025208,-0.9659258262890683,0.43388373911755823,-0.900968867902419
1764,Hauptstraße 52 Marktplatz,5ee75133-74ce-4a65-ac22-be263ad8566a,2025-07-03 14:00:00+02:00,36.0,9.843333333333334,3,-0.4999999999999997,-0.8660254037844388,0.43388373911755823,-0.900968867902419
1765,Hauptstraße 52 Marktplatz,5ee75133-74ce-4a65-ac22-be263ad8566a,2025-07-03 15:00:00+02:00,32.0,13.620000000000001,3,-0.7071067811865471,-0.7071067811865479,0.43388373911755823,-0.900968867902419
1766,Hauptstraße 52 Marktplatz,5ee75133-74ce-4a65-ac22-be263ad8566a,2025-07-03 16:00:00+02:00,32.0,11.125,3,-0.8660254037844384,-0.5000000000000004,0.43388373911755823,-0.900968867902419
1767,Hauptstraße 52 Marktplatz,5ee75133-74ce-4a65-ac22-be263ad8566a,2025-07-03 17:00:00+02:00,50.0,10.65,3,-0.9659258262890683,-0.25881904510252063,0.43388373911755823,-0.900968867902419
1768,Hauptstraße 52 Marktplatz,5ee75133-74ce-4a65-ac22-be263ad8566a,2025-07-03 18:00:00+02:00,34.0,13.35,3,-1.0,-1.8369701987210297e-16,0.43388373911755823,-0.900968867902419
1769,Hauptstraße 52 Marktplatz,5ee75133-74ce-4a65-ac22-be263ad8566a,2025-07-03 19:00:00+02:00,33.0,10.725,3,-0.9659258262890684,0.2588190451025203,0.43388373911755823,-0.900968867902419
1770,Hauptstraße 52 Marktplatz,5ee75133-74ce-4a65-ac22-be263ad8566a,2025-07-03 20:00:00+02:00,18.0,16.295,3,-0.8660254037844386,0.5000000000000001,0.43388373911755823,-0.900968867902419
1771,Hauptstraße 52 Marktplatz,5ee75133-74ce-4a65-ac22-be263ad8566a,2025-07-03 21:00:00+02:00,19.0,13.5675,3,-0.7071067811865477,0.7071067811865474,0.43388373911755823,-0.900968867902419
1772,Hauptstraße 52 Marktplatz,5ee75133-74ce-4a65-ac22-be263ad8566a,2025-07-03 22:00:00+02:00,13.0,16.323333333333334,3,-0.5000000000000004,0.8660254037844384,0.43388373911755823,-0.900968867902419
1773,Hauptstraße 52 Marktplatz,5ee75133-74ce-4a65-ac22-be263ad8566a,2025-07-03 23:00:00+02:00,1.0,0.08,3,-0.25881904510252157,0.9659258262890681,0.43388373911755823,-0.900968867902419
1774,Hauptstraße 52 Marktplatz,5ee75133-74ce-4a65-ac22-be263ad8566a,2025-07-04 00:00:00+02:00,8.0,13.35,4,0.0,1.0,-0.433883739117558,-0.9009688679024191
1775,Hauptstraße 52 Marktplatz,5ee75133-74ce-4a65-ac22-be263ad8566a,2025-07-04 01:00:00+02:00,11.0,12.116666666666665,4,0.25881904510252074,0.9659258262890683,-0.433883739117558,-0.9009688679024191
7418,Hauptstraße 52 Marktplatz,5ee75133-74ce-4a65-ac22-be263ad8566a,2025-07-04 02:00:00+02:00,3.0,22.0,4,0.49999999999999994,0.8660254037844387,-0.433883739117558,-0.9009688679024191
1776,Hauptstraße 52 Marktplatz,5ee75133-74ce-4a65-ac22-be263ad8566a,2025-07-04 03:00:00+02:00,1.0,6.52,4,0.7071067811865475,0.7071067811865476,-0.433883739117558,-0.9009688679024191
1777,Hauptstraße 52 Marktplatz,5ee75133-74ce-4a65-ac22-be263ad8566a,2025-07-04 04:00:00+02:00,4.0,1.29,4,0.8660254037844386,0.5000000000000001,-0.433883739117558,-0.9009688679024191
1778,Hauptstraße 52 Marktplatz,5ee75133-74ce-4a65-ac22-be263ad8566a,2025-07-04 05:00:00+02:00,8.0,12.79,4,0.9659258262890683,0.25881904510252074,-0.433883739117558,-0.9009688679024191
1779,Hauptstraße 52 Marktplatz,5ee75133-74ce-4a65-ac22-be263ad8566a,2025-07-04 06:00:00+02:00,18.0,12.8125,4,1.0,6.123233995736766e-17,-0.433883739117558,-0.9009688679024191
1780,Hauptstraße 52 Marktplatz,5ee75133-74ce-4a65-ac22-be263ad8566a,2025-07-04 07:00:00+02:00,34.0,5.435,4,0.9659258262890683,-0.25881904510252063,-0.433883739117558,-0.9009688679024191
1781,Hauptstraße 52 Marktplatz,5ee75133-74ce-4a65-ac22-be263ad8566a,2025-07-04 08:00:00+02:00,13.0,8.44,4,0.8660254037844387,-0.4999999999999998,-0.433883739117558,-0.9009688679024191
1782,Hauptstraße 52 Marktplatz,5ee75133-74ce-4a65-ac22-be263ad8566a,2025-07-04 09:00:00+02:00,21.0,8.2625,4,0.7071067811865476,-0.7071067811865475,-0.433883739117558,-0.9009688679024191
1783,Hauptstraße 52 Marktplatz,5ee75133-74ce-4a65-ac22-be263ad8566a,2025-07-04 10:00:00+02:00,56.0,13.98,4,0.49999999999999994,-0.8660254037844387,-0.433883739117558,-0.9009688679024191
1784,Hauptstraße 52 Marktplatz,5ee75133-74ce-4a65-ac22-be263ad8566a,2025-07-04 11:00:00+02:00,73.0,11.43,4,0.258819045102521,-0.9659258262890682,-0.433883739117558,-0.9009688679024191
1785,Hauptstraße 52 Marktplatz,5ee75133-74ce-4a65-ac22-be263ad8566a,2025-07-04 12:00:00+02:00,63.0,13.274999999999999,4,1.2246467991473532e-16,-1.0,-0.433883739117558,-0.9009688679024191
1786,Hauptstraße 52 Marktplatz,5ee75133-74ce-4a65-ac22-be263ad8566a,2025-07-04 13:00:00+02:00,58.0,11.865,4,-0.2588190451025208,-0.9659258262890683,-0.433883739117558,-0.9009688679024191
1787,Hauptstraße 52 Marktplatz,5ee75133-74ce-4a65-ac22-be263ad8566a,2025-07-04 14:00:00+02:00,50.0,7.359999999999999,4,-0.4999999999999997,-0.8660254037844388,-0.433883739117558,-0.9009688679024191
1788,Hauptstraße 52 Marktplatz,5ee75133-74ce-4a65-ac22-be263ad8566a,2025-07-04 15:00:00+02:00,17.0,4.06,4,-0.7071067811865471,-0.7071067811865479,-0.433883739117558,-0.9009688679024191
1789,Hauptstraße 52 Marktplatz,5ee75133-74ce-4a65-ac22-be263ad8566a,2025-07-04 16:00:00+02:00,17.0,4.82,4,-0.8660254037844384,-0.5000000000000004,-0.433883739117558,-0.9009688679024191
1790,Hauptstraße 52 Marktplatz,5ee75133-74ce-4a65-ac22-be263ad8566a,2025-07-04 17:00:00+02:00,61.0,8.807500000000001,4,-0.9659258262890683,-0.25881904510252063,-0.433883739117558,-0.9009688679024191
1791,Hauptstraße 52 Marktplatz,5ee75133-74ce-4a65-ac22-be263ad8566a,2025-07-04 18:00:00+02:00,67.0,16.5325,4,-1.0,-1.8369701987210297e-16,-0.433883739117558,-0.9009688679024191
1792,Hauptstraße 52 Marktplatz,5ee75133-74ce-4a65-ac22-be263ad8566a,2025-07-04 19:00:00+02:00,44.0,10.97,4,-0.9659258262890684,0.2588190451025203,-0.433883739117558,-0.9009688679024191
1793,Hauptstraße 52 Marktplatz,5ee75133-74ce-4a65-ac22-be263ad8566a,2025-07-04 20:00:00+02:00,47.0,11.6325,4,-0.8660254037844386,0.5000000000000001,-0.433883739117558,-0.9009688679024191
1794,Hauptstraße 52 Marktplatz,5ee75133-74ce-4a65-ac22-be263ad8566a,2025-07-04 21:00:00+02:00,30.0,8.3325,4,-0.7071067811865477,0.7071067811865474,-0.433883739117558,-0.9009688679024191
1795,Hauptstraße 52 Marktplatz,5ee75133-74ce-4a65-ac22-be263ad8566a,2025-07-04 22:00:00+02:00,21.0,5.546666666666667,4,-0.5000000000000004,0.8660254037844384,-0.433883739117558,-0.9009688679024191
1796,Hauptstraße 52 Marktplatz,5ee75133-74ce-4a65-ac22-be263ad8566a,2025-07-04 23:00:00+02:00,6.0,2.38,4,-0.25881904510252157,0.9659258262890681,-0.433883739117558,-0.9009688679024191
7419,Hauptstraße 52 Marktplatz,5ee75133-74ce-4a65-ac22-be263ad8566a,2025-07-05 00:00:00+02:00,34.0,33.79,5,0.0,1.0,-0.9749279121818236,-0.2225209339563146
1797,Hauptstraße 52 Marktplatz,5ee75133-74ce-4a65-ac22-be263ad8566a,2025-07-05 01:00:00+02:00,4.0,2.6,5,0.25881904510252074,0.9659258262890683,-0.9749279121818236,-0.2225209339563146
1798,Hauptstraße 52 Marktplatz,5ee75133-74ce-4a65-ac22-be263ad8566a,2025-07-05 02:00:00+02:00,6.0,16.463333333333335,5,0.49999999999999994,0.8660254037844387,-0.9749279121818236,-0.2225209339563146
1799,Hauptstraße 52 Marktplatz,5ee75133-74ce-4a65-ac22-be263ad8566a,2025-07-05 03:00:00+02:00,3.0,14.27,5,0.7071067811865475,0.7071067811865476,-0.9749279121818236,-0.2225209339563146
1800,Hauptstraße 52 Marktplatz,5ee75133-74ce-4a65-ac22-be263ad8566a,2025-07-05 04:00:00+02:00,2.0,27.15,5,0.8660254037844386,0.5000000000000001,-0.9749279121818236,-0.2225209339563146
1801,Hauptstraße 52 Marktplatz,5ee75133-74ce-4a65-ac22-be263ad8566a,2025-07-05 05:00:00+02:00,4.0,3.87,5,0.9659258262890683,0.25881904510252074,-0.9749279121818236,-0.2225209339563146
1802,Hauptstraße 52 Marktplatz,5ee75133-74ce-4a65-ac22-be263ad8566a,2025-07-05 06:00:00+02:00,5.0,18.77,5,1.0,6.123233995736766e-17,-0.9749279121818236,-0.2225209339563146
1803,Hauptstraße 52 Marktplatz,5ee75133-74ce-4a65-ac22-be263ad8566a,2025-07-05 07:00:00+02:00,8.0,10.8775,5,0.9659258262890683,-0.25881904510252063,-0.9749279121818236,-0.2225209339563146
1804,Hauptstraße 52 Marktplatz,5ee75133-74ce-4a65-ac22-be263ad8566a,2025-07-05 08:00:00+02:00,15.0,2.75,5,0.8660254037844387,-0.4999999999999998,-0.9749279121818236,-0.2225209339563146
7420,Hauptstraße 52 Marktplatz,5ee75133-74ce-4a65-ac22-be263ad8566a,2025-07-05 09:00:00+02:00,26.0,10.93,5,0.7071067811865476,-0.7071067811865475,-0.9749279121818236,-0.2225209339563146
1805,Hauptstraße 52 Marktplatz,5ee75133-74ce-4a65-ac22-be263ad8566a,2025-07-05 10:00:00+02:00,0.0,0.0,5,0.49999999999999994,-0.8660254037844387,-0.9749279121818236,-0.2225209339563146
1806,Hauptstraße 52 Marktplatz,5ee75133-74ce-4a65-ac22-be263ad8566a,2025-07-05 11:00:00+02:00,25.0,1.745,5,0.258819045102521,-0.9659258262890682,-0.9749279121818236,-0.2225209339563146
1807,Hauptstraße 52 Marktplatz,5ee75133-74ce-4a65-ac22-be263ad8566a,2025-07-05 12:00:00+02:00,68.0,10.395,5,1.2246467991473532e-16,-1.0,-0.9749279121818236,-0.2225209339563146
1808,Hauptstraße 52 Marktplatz,5ee75133-74ce-4a65-ac22-be263ad8566a,2025-07-05 13:00:00+02:00,71.0,11.0075,5,-0.2588190451025208,-0.9659258262890683,-0.9749279121818236,-0.2225209339563146
1809,Hauptstraße 52 Marktplatz,5ee75133-74ce-4a65-ac22-be263ad8566a,2025-07-05 14:00:00+02:00,50.0,11.0475,5,-0.4999999999999997,-0.8660254037844388,-0.9749279121818236,-0.2225209339563146
1810,Hauptstraße 52 Marktplatz,5ee75133-74ce-4a65-ac22-be263ad8566a,2025-07-05 15:00:00+02:00,38.0,8.3,5,-0.7071067811865471,-0.7071067811865479,-0.9749279121818236,-0.2225209339563146
7421,Hauptstraße 52 Marktplatz,5ee75133-74ce-4a65-ac22-be263ad8566a,2025-07-05 16:00:00+02:00,47.0,15.323333333333332,5,-0.8660254037844384,-0.5000000000000004,-0.9749279121818236,-0.2225209339563146
7422,Hauptstraße 52 Marktplatz,5ee75133-74ce-4a65-ac22-be263ad8566a,2025-07-05 17:00:00+02:00,64.0,10.7025,5,-0.9659258262890683,-0.25881904510252063,-0.9749279121818236,-0.2225209339563146
1811,Hauptstraße 52 Marktplatz,5ee75133-74ce-4a65-ac22-be263ad8566a,2025-07-05 18:00:00+02:00,49.0,10.716666666666669,5,-1.0,-1.8369701987210297e-16,-0.9749279121818236,-0.2225209339563146
1812,Hauptstraße 52 Marktplatz,5ee75133-74ce-4a65-ac22-be263ad8566a,2025-07-05 19:00:00+02:00,61.0,12.19,5,-0.9659258262890684,0.2588190451025203,-0.9749279121818236,-0.2225209339563146
1813,Hauptstraße 52 Marktplatz,5ee75133-74ce-4a65-ac22-be263ad8566a,2025-07-05 20:00:00+02:00,32.0,13.65,5,-0.8660254037844386,0.5000000000000001,-0.9749279121818236,-0.2225209339563146
7423,Hauptstraße 52 Marktplatz,5ee75133-74ce-4a65-ac22-be263ad8566a,2025-07-05 21:00:00+02:00,33.0,13.065000000000001,5,-0.7071067811865477,0.7071067811865474,-0.9749279121818236,-0.2225209339563146
1814,Hauptstraße 52 Marktplatz,5ee75133-74ce-4a65-ac22-be263ad8566a,2025-07-05 22:00:00+02:00,14.0,22.43,5,-0.5000000000000004,0.8660254037844384,-0.9749279121818236,-0.2225209339563146
1815,Hauptstraße 52 Marktplatz,5ee75133-74ce-4a65-ac22-be263ad8566a,2025-07-05 23:00:00+02:00,8.0,4.73,5,-0.25881904510252157,0.9659258262890681,-0.9749279121818236,-0.2225209339563146
7424,Hauptstraße 52 Marktplatz,5ee75133-74ce-4a65-ac22-be263ad8566a,2025-07-06 00:00:00+02:00,31.0,14.3,6,0.0,1.0,-0.7818314824680299,0.6234898018587334
1816,Hauptstraße 52 Marktplatz,5ee75133-74ce-4a65-ac22-be263ad8566a,2025-07-06 01:00:00+02:00,11.0,7.47,6,0.25881904510252074,0.9659258262890683,-0.7818314824680299,0.6234898018587334
1817,Hauptstraße 52 Marktplatz,5ee75133-74ce-4a65-ac22-be263ad8566a,2025-07-06 02:00:00+02:00,4.0,6.98,6,0.49999999999999994,0.8660254037844387,-0.7818314824680299,0.6234898018587334
1818,Hauptstraße 52 Marktplatz,5ee75133-74ce-4a65-ac22-be263ad8566a,2025-07-06 03:00:00+02:00,3.0,5.49,6,0.7071067811865475,0.7071067811865476,-0.7818314824680299,0.6234898018587334
7425,Hauptstraße 52 Marktplatz,5ee75133-74ce-4a65-ac22-be263ad8566a,2025-07-06 04:00:00+02:00,5.0,30.65,6,0.8660254037844386,0.5000000000000001,-0.7818314824680299,0.6234898018587334
1819,Hauptstraße 52 Marktplatz,5ee75133-74ce-4a65-ac22-be263ad8566a,2025-07-06 05:00:00+02:00,0.0,0.0,6,0.9659258262890683,0.25881904510252074,-0.7818314824680299,0.6234898018587334
7426,Hauptstraße 52 Marktplatz,5ee75133-74ce-4a65-ac22-be263ad8566a,2025-07-06 06:00:00+02:00,3.0,2.1225,6,0.9659258262890683,0.25881904510252074,-0.7818314824680299,0.6234898018587334
1820,Hauptstraße 52 Marktplatz,5ee75133-74ce-4a65-ac22-be263ad8566a,2025-07-06 07:00:00+02:00,6.0,4.245,6,0.9659258262890683,-0.25881904510252063,-0.7818314824680299,0.6234898018587334
1821,Hauptstraße 52 Marktplatz,5ee75133-74ce-4a65-ac22-be263ad8566a,2025-07-06 08:00:00+02:00,11.0,6.11,6,0.8660254037844387,-0.4999999999999998,-0.7818314824680299,0.6234898018587334
1822,Hauptstraße 52 Marktplatz,5ee75133-74ce-4a65-ac22-be263ad8566a,2025-07-06 09:00:00+02:00,11.0,7.0600000000000005,6,0.7071067811865476,-0.7071067811865475,-0.7818314824680299,0.6234898018587334
1823,Hauptstraße 52 Marktplatz,5ee75133-74ce-4a65-ac22-be263ad8566a,2025-07-06 10:00:00+02:00,15.0,6.93,6,0.49999999999999994,-0.8660254037844387,-0.7818314824680299,0.6234898018587334
1824,Hauptstraße 52 Marktplatz,5ee75133-74ce-4a65-ac22-be263ad8566a,2025-07-06 11:00:00+02:00,21.0,6.825,6,0.258819045102521,-0.9659258262890682,-0.7818314824680299,0.6234898018587334
1825,Hauptstraße 52 Marktplatz,5ee75133-74ce-4a65-ac22-be263ad8566a,2025-07-06 12:00:00+02:00,24.0,10.706666666666665,6,1.2246467991473532e-16,-1.0,-0.7818314824680299,0.6234898018587334
7427,Hauptstraße 52 Marktplatz,5ee75133-74ce-4a65-ac22-be263ad8566a,2025-07-06 13:00:00+02:00,25.0,10.408333333333331,6,1.2246467991473532e-16,-1.0,-0.7818314824680299,0.6234898018587334
1826,Hauptstraße 52 Marktplatz,5ee75133-74ce-4a65-ac22-be263ad8566a,2025-07-06 14:00:00+02:00,26.0,10.11,6,-0.4999999999999997,-0.8660254037844388,-0.7818314824680299,0.6234898018587334
1827,Hauptstraße 52 Marktplatz,5ee75133-74ce-4a65-ac22-be263ad8566a,2025-07-06 15:00:00+02:00,39.0,10.9,6,-0.7071067811865471,-0.7071067811865479,-0.7818314824680299,0.6234898018587334
1828,Hauptstraße 52 Marktplatz,5ee75133-74ce-4a65-ac22-be263ad8566a,2025-07-06 16:00:00+02:00,20.0,14.030000000000001,6,-0.8660254037844384,-0.5000000000000004,-0.7818314824680299,0.6234898018587334
1829,Hauptstraße 52 Marktplatz,5ee75133-74ce-4a65-ac22-be263ad8566a,2025-07-06 17:00:00+02:00,12.0,7.17,6,-0.9659258262890683,-0.25881904510252063,-0.7818314824680299,0.6234898018587334
1830,Hauptstraße 52 Marktplatz,5ee75133-74ce-4a65-ac22-be263ad8566a,2025-07-06 18:00:00+02:00,18.0,12.426666666666668,6,-1.0,-1.8369701987210297e-16,-0.7818314824680299,0.6234898018587334
1831,Hauptstraße 52 Marktplatz,5ee75133-74ce-4a65-ac22-be263ad8566a,2025-07-06 19:00:00+02:00,10.0,9.379999999999999,6,-0.9659258262890684,0.2588190451025203,-0.7818314824680299,0.6234898018587334
1832,Hauptstraße 52 Marktplatz,5ee75133-74ce-4a65-ac22-be263ad8566a,2025-07-06 20:00:00+02:00,17.0,11.19,6,-0.8660254037844386,0.5000000000000001,-0.7818314824680299,0.6234898018587334
1833,Hauptstraße 52 Marktplatz,5ee75133-74ce-4a65-ac22-be263ad8566a,2025-07-06 21:00:00+02:00,8.0,9.44,6,-0.7071067811865477,0.7071067811865474,-0.7818314824680299,0.6234898018587334
1834,Hauptstraße 52 Marktplatz,5ee75133-74ce-4a65-ac22-be263ad8566a,2025-07-06 22:00:00+02:00,7.0,16.065,6,-0.5000000000000004,0.8660254037844384,-0.7818314824680299,0.6234898018587334
1835,Hauptstraße 52 Marktplatz,5ee75133-74ce-4a65-ac22-be263ad8566a,2025-07-06 23:00:00+02:00,1.0,19.67,6,-0.25881904510252157,0.9659258262890681,-0.7818314824680299,0.6234898018587334
7428,Hauptstraße 52 Marktplatz,5ee75133-74ce-4a65-ac22-be263ad8566a,2025-07-07 00:00:00+02:00,1.0,13.6125,6,-0.25881904510252157,0.9659258262890681,-0.7818314824680299,0.6234898018587334
7429,Hauptstraße 52 Marktplatz,5ee75133-74ce-4a65-ac22-be263ad8566a,2025-07-07 01:00:00+02:00,12.0,32.91,0,0.25881904510252074,0.9659258262890683,0.0,1.0
7430,Hauptstraße 52 Marktplatz,5ee75133-74ce-4a65-ac22-be263ad8566a,2025-07-07 02:00:00+02:00,7.0,20.232499999999998,0,0.25881904510252074,0.9659258262890683,0.0,1.0
1836,Hauptstraße 52 Marktplatz,5ee75133-74ce-4a65-ac22-be263ad8566a,2025-07-07 03:00:00+02:00,2.0,7.555,0,0.7071067811865475,0.7071067811865476,0.0,1.0
1837,Hauptstraße 52 Marktplatz,5ee75133-74ce-4a65-ac22-be263ad8566a,2025-07-07 04:00:00+02:00,3.0,1.89,0,0.8660254037844386,0.5000000000000001,0.0,1.0
1838,Hauptstraße 52 Marktplatz,5ee75133-74ce-4a65-ac22-be263ad8566a,2025-07-07 05:00:00+02:00,1.0,0.18,0,0.9659258262890683,0.25881904510252074,0.0,1.0
1839,Hauptstraße 52 Marktplatz,5ee75133-74ce-4a65-ac22-be263ad8566a,2025-07-07 06:00:00+02:00,17.0,4.875,0,1.0,6.123233995736766e-17,0.0,1.0
1840,Hauptstraße 52 Marktplatz,5ee75133-74ce-4a65-ac22-be263ad8566a,2025-07-07 07:00:00+02:00,23.0,3.9133333333333336,0,0.9659258262890683,-0.25881904510252063,0.0,1.0
1841,Hauptstraße 52 Marktplatz,5ee75133-74ce-4a65-ac22-be263ad8566a,2025-07-07 08:00:00+02:00,30.0,6.18,0,0.8660254037844387,-0.4999999999999998,0.0,1.0
1842,Hauptstraße 52 Marktplatz,5ee75133-74ce-4a65-ac22-be263ad8566a,2025-07-07 09:00:00+02:00,24.0,5.135,0,0.7071067811865476,-0.7071067811865475,0.0,1.0
1843,Hauptstraße 52 Marktplatz,5ee75133-74ce-4a65-ac22-be263ad8566a,2025-07-07 10:00:00+02:00,24.0,5.58,0,0.49999999999999994,-0.8660254037844387,0.0,1.0
1844,Hauptstraße 52 Marktplatz,5ee75133-74ce-4a65-ac22-be263ad8566a,2025-07-07 11:00:00+02:00,19.0,5.305,0,0.258819045102521,-0.9659258262890682,0.0,1.0
1845,Hauptstraße 52 Marktplatz,5ee75133-74ce-4a65-ac22-be263ad8566a,2025-07-07 12:00:00+02:00,17.0,5.48,0,1.2246467991473532e-16,-1.0,0.0,1.0
7431,Hauptstraße 52 Marktplatz,5ee75133-74ce-4a65-ac22-be263ad8566a,2025-07-07 13:00:00+02:00,27.0,11.2975,0,-0.2588190451025208,-0.9659258262890683,0.0,1.0
1846,Hauptstraße 52 Marktplatz,5ee75133-74ce-4a65-ac22-be263ad8566a,2025-07-07 14:00:00+02:00,16.0,6.163333333333334,0,-0.4999999999999997,-0.8660254037844388,0.0,1.0
1847,Hauptstraße 52 Marktplatz,5ee75133-74ce-4a65-ac22-be263ad8566a,2025-07-07 15:00:00+02:00,32.0,9.13,0,-0.7071067811865471,-0.7071067811865479,0.0,1.0
1848,Hauptstraße 52 Marktplatz,5ee75133-74ce-4a65-ac22-be263ad8566a,2025-07-07 16:00:00+02:00,17.0,10.004999999999999,0,-0.8660254037844384,-0.5000000000000004,0.0,1.0
1849,Hauptstraße 52 Marktplatz,5ee75133-74ce-4a65-ac22-be263ad8566a,2025-07-07 17:00:00+02:00,20.0,13.06,0,-0.9659258262890683,-0.25881904510252063,0.0,1.0
1850,Hauptstraße 52 Marktplatz,5ee75133-74ce-4a65-ac22-be263ad8566a,2025-07-07 18:00:00+02:00,34.0,10.173333333333334,0,-1.0,-1.8369701987210297e-16,0.0,1.0
1851,Hauptstraße 52 Marktplatz,5ee75133-74ce-4a65-ac22-be263ad8566a,2025-07-07 19:00:00+02:00,10.0,33.46,0,-0.9659258262890684,0.2588190451025203,0.0,1.0
1852,Hauptstraße 52 Marktplatz,5ee75133-74ce-4a65-ac22-be263ad8566a,2025-07-07 20:00:00+02:00,18.0,9.24,0,-0.8660254037844386,0.5000000000000001,0.0,1.0
1853,Hauptstraße 52 Marktplatz,5ee75133-74ce-4a65-ac22-be263ad8566a,2025-07-07 21:00:00+02:00,6.0,17.445,0,-0.7071067811865477,0.7071067811865474,0.0,1.0
1854,Hauptstraße 52 Marktplatz,5ee75133-74ce-4a65-ac22-be263ad8566a,2025-07-07 22:00:00+02:00,10.0,13.28,0,-0.5000000000000004,0.8660254037844384,0.0,1.0
1855,Hauptstraße 52 Marktplatz,5ee75133-74ce-4a65-ac22-be263ad8566a,2025-07-07 23:00:00+02:00,2.0,9.52,0,-0.25881904510252157,0.9659258262890681,0.0,1.0
1856,Hauptstraße 52 Marktplatz,5ee75133-74ce-4a65-ac22-be263ad8566a,2025-07-08 00:00:00+02:00,9.0,4.65,1,0.0,1.0,0.7818314824680298,0.6234898018587336
1857,Hauptstraße 52 Marktplatz,5ee75133-74ce-4a65-ac22-be263ad8566a,2025-07-08 01:00:00+02:00,6.0,11.74,1,0.25881904510252074,0.9659258262890683,0.7818314824680298,0.6234898018587336
1858,Hauptstraße 52 Marktplatz,5ee75133-74ce-4a65-ac22-be263ad8566a,2025-07-08 02:00:00+02:00,2.0,4.83,1,0.49999999999999994,0.8660254037844387,0.7818314824680298,0.6234898018587336
1859,Hauptstraße 52 Marktplatz,5ee75133-74ce-4a65-ac22-be263ad8566a,2025-07-08 03:00:00+02:00,3.0,28.52,1,0.7071067811865475,0.7071067811865476,0.7818314824680298,0.6234898018587336
1860,Hauptstraße 52 Marktplatz,5ee75133-74ce-4a65-ac22-be263ad8566a,2025-07-08 04:00:00+02:00,4.0,16.015,1,0.8660254037844386,0.5000000000000001,0.7818314824680298,0.6234898018587336
7432,Hauptstraße 52 Marktplatz,5ee75133-74ce-4a65-ac22-be263ad8566a,2025-07-08 05:00:00+02:00,3.0,2.05,1,0.9659258262890683,0.25881904510252074,0.7818314824680298,0.6234898018587336
7433,Hauptstraße 52 Marktplatz,5ee75133-74ce-4a65-ac22-be263ad8566a,2025-07-08 06:00:00+02:00,16.0,5.237500000000001,1,1.0,6.123233995736766e-17,0.7818314824680298,0.6234898018587336
1861,Hauptstraße 52 Marktplatz,5ee75133-74ce-4a65-ac22-be263ad8566a,2025-07-08 07:00:00+02:00,16.0,6.34,1,0.9659258262890683,-0.25881904510252063,0.7818314824680298,0.6234898018587336
1862,Hauptstraße 52 Marktplatz,5ee75133-74ce-4a65-ac22-be263ad8566a,2025-07-08 08:00:00+02:00,22.0,4.609999999999999,1,0.8660254037844387,-0.4999999999999998,0.7818314824680298,0.6234898018587336
1863,Hauptstraße 52 Marktplatz,5ee75133-74ce-4a65-ac22-be263ad8566a,2025-07-08 09:00:00+02:00,18.0,8.46,1,0.7071067811865476,-0.7071067811865475,0.7818314824680298,0.6234898018587336
7434,Hauptstraße 52 Marktplatz,5ee75133-74ce-4a65-ac22-be263ad8566a,2025-07-08 10:00:00+02:00,21.0,14.456666666666665,1,0.49999999999999994,-0.8660254037844387,0.7818314824680298,0.6234898018587336
1864,Hauptstraße 52 Marktplatz,5ee75133-74ce-4a65-ac22-be263ad8566a,2025-07-08 11:00:00+02:00,24.0,6.6,1,0.258819045102521,-0.9659258262890682,0.7818314824680298,0.6234898018587336
1865,Hauptstraße 52 Marktplatz,5ee75133-74ce-4a65-ac22-be263ad8566a,2025-07-08 12:00:00+02:00,34.0,9.920000000000002,1,1.2246467991473532e-16,-1.0,0.7818314824680298,0.6234898018587336
1866,Hauptstraße 52 Marktplatz,5ee75133-74ce-4a65-ac22-be263ad8566a,2025-07-08 13:00:00+02:00,36.0,8.745000000000001,1,-0.2588190451025208,-0.9659258262890683,0.7818314824680298,0.6234898018587336
1867,Hauptstraße 52 Marktplatz,5ee75133-74ce-4a65-ac22-be263ad8566a,2025-07-08 14:00:00+02:00,31.0,6.49,1,-0.4999999999999997,-0.8660254037844388,0.7818314824680298,0.6234898018587336
1868,Hauptstraße 52 Marktplatz,5ee75133-74ce-4a65-ac22-be263ad8566a,2025-07-08 15:00:00+02:00,17.0,14.03,1,-0.7071067811865471,-0.7071067811865479,0.7818314824680298,0.6234898018587336
7435,Hauptstraße 52 Marktplatz,5ee75133-74ce-4a65-ac22-be263ad8566a,2025-07-08 16:00:00+02:00,26.0,10.233333333333334,1,-0.8660254037844384,-0.5000000000000004,0.7818314824680298,0.6234898018587336
7436,Hauptstraße 52 Marktplatz,5ee75133-74ce-4a65-ac22-be263ad8566a,2025-07-08 17:00:00+02:00,23.0,5.755,1,-0.9659258262890683,-0.25881904510252063,0.7818314824680298,0.6234898018587336
7437,Hauptstraße 52 Marktplatz,5ee75133-74ce-4a65-ac22-be263ad8566a,2025-07-08 18:00:00+02:00,34.0,6.717499999999999,1,-1.0,-1.8369701987210297e-16,0.7818314824680298,0.6234898018587336
7438,Hauptstraße 52 Marktplatz,5ee75133-74ce-4a65-ac22-be263ad8566a,2025-07-08 19:00:00+02:00,40.0,15.025,1,-0.9659258262890684,0.2588190451025203,0.7818314824680298,0.6234898018587336
7439,Hauptstraße 52 Marktplatz,5ee75133-74ce-4a65-ac22-be263ad8566a,2025-07-08 20:00:00+02:00,29.0,16.995,1,-0.8660254037844386,0.5000000000000001,0.7818314824680298,0.6234898018587336
7440,Hauptstraße 52 Marktplatz,5ee75133-74ce-4a65-ac22-be263ad8566a,2025-07-08 21:00:00+02:00,25.0,12.953333333333333,1,-0.7071067811865477,0.7071067811865474,0.7818314824680298,0.6234898018587336
7441,Hauptstraße 52 Marktplatz,5ee75133-74ce-4a65-ac22-be263ad8566a,2025-07-08 22:00:00+02:00,9.0,7.407500000000001,1,-0.5000000000000004,0.8660254037844384,0.7818314824680298,0.6234898018587336
7442,Hauptstraße 52 Marktplatz,5ee75133-74ce-4a65-ac22-be263ad8566a,2025-07-08 23:00:00+02:00,1.0,0.13,1,-0.25881904510252157,0.9659258262890681,0.7818314824680298,0.6234898018587336
7443,Hauptstraße 52 Marktplatz,5ee75133-74ce-4a65-ac22-be263ad8566a,2025-07-09 00:00:00+02:00,13.0,28.21,2,0.0,1.0,0.9749279121818236,-0.22252093395631434
7444,Hauptstraße 52 Marktplatz,5ee75133-74ce-4a65-ac22-be263ad8566a,2025-07-09 01:00:00+02:00,4.0,27.75666666666667,2,0.25881904510252074,0.9659258262890683,0.9749279121818236,-0.22252093395631434
7445,Hauptstraße 52 Marktplatz,5ee75133-74ce-4a65-ac22-be263ad8566a,2025-07-09 02:00:00+02:00,2.0,13.878333333333336,2,0.25881904510252074,0.9659258262890683,0.9749279121818236,-0.22252093395631434
7446,Hauptstraße 52 Marktplatz,5ee75133-74ce-4a65-ac22-be263ad8566a,2025-07-09 03:00:00+02:00,0.0,0.0,2,0.7071067811865475,0.7071067811865476,0.9749279121818236,-0.22252093395631434
7447,Hauptstraße 52 Marktplatz,5ee75133-74ce-4a65-ac22-be263ad8566a,2025-07-09 04:00:00+02:00,3.0,15.15,2,0.8660254037844386,0.5000000000000001,0.9749279121818236,-0.22252093395631434
7448,Hauptstraße 52 Marktplatz,5ee75133-74ce-4a65-ac22-be263ad8566a,2025-07-09 05:00:00+02:00,4.0,7.3325,2,0.9659258262890683,0.25881904510252074,0.9749279121818236,-0.22252093395631434
7449,Hauptstraße 52 Marktplatz,5ee75133-74ce-4a65-ac22-be263ad8566a,2025-07-09 06:00:00+02:00,7.0,7.846666666666667,2,1.0,6.123233995736766e-17,0.9749279121818236,-0.22252093395631434
7450,Hauptstraße 52 Marktplatz,5ee75133-74ce-4a65-ac22-be263ad8566a,2025-07-09 07:00:00+02:00,33.0,6.573333333333333,2,0.9659258262890683,-0.25881904510252063,0.9749279121818236,-0.22252093395631434
7451,Hauptstraße 52 Marktplatz,5ee75133-74ce-4a65-ac22-be263ad8566a,2025-07-09 08:00:00+02:00,26.0,6.796666666666667,2,0.8660254037844387,-0.4999999999999998,0.9749279121818236,-0.22252093395631434
1869,Hauptstraße 52 Marktplatz,5ee75133-74ce-4a65-ac22-be263ad8566a,2025-07-09 09:00:00+02:00,16.0,10.465,2,0.7071067811865476,-0.7071067811865475,0.9749279121818236,-0.22252093395631434
1870,Hauptstraße 52 Marktplatz,5ee75133-74ce-4a65-ac22-be263ad8566a,2025-07-09 10:00:00+02:00,19.0,6.79,2,0.49999999999999994,-0.8660254037844387,0.9749279121818236,-0.22252093395631434
1871,Hauptstraße 52 Marktplatz,5ee75133-74ce-4a65-ac22-be263ad8566a,2025-07-09 11:00:00+02:00,24.0,5.0,2,0.258819045102521,-0.9659258262890682,0.9749279121818236,-0.22252093395631434
1872,Hauptstraße 52 Marktplatz,5ee75133-74ce-4a65-ac22-be263ad8566a,2025-07-09 12:00:00+02:00,43.0,13.45,2,1.2246467991473532e-16,-1.0,0.9749279121818236,-0.22252093395631434
1873,Hauptstraße 52 Marktplatz,5ee75133-74ce-4a65-ac22-be263ad8566a,2025-07-09 13:00:00+02:00,40.0,10.51,2,-0.2588190451025208,-0.9659258262890683,0.9749279121818236,-0.22252093395631434
1874,Hauptstraße 52 Marktplatz,5ee75133-74ce-4a65-ac22-be263ad8566a,2025-07-09 14:00:00+02:00,25.0,11.105,2,-0.4999999999999997,-0.8660254037844388,0.9749279121818236,-0.22252093395631434
7452,Hauptstraße 52 Marktplatz,5ee75133-74ce-4a65-ac22-be263ad8566a,2025-07-09 15:00:00+02:00,22.0,8.4375,2,-0.7071067811865471,-0.7071067811865479,0.9749279121818236,-0.22252093395631434
1875,Hauptstraße 52 Marktplatz,5ee75133-74ce-4a65-ac22-be263ad8566a,2025-07-09 16:00:00+02:00,26.0,10.65,2,-0.8660254037844384,-0.5000000000000004,0.9749279121818236,-0.22252093395631434
1876,Hauptstraße 52 Marktplatz,5ee75133-74ce-4a65-ac22-be263ad8566a,2025-07-09 17:00:00+02:00,44.0,11.942499999999999,2,-0.9659258262890683,-0.25881904510252063,0.9749279121818236,-0.22252093395631434
1877,Hauptstraße 52 Marktplatz,5ee75133-74ce-4a65-ac22-be263ad8566a,2025-07-09 18:00:00+02:00,50.0,13.2725,2,-1.0,-1.8369701987210297e-16,0.9749279121818236,-0.22252093395631434
1878,Hauptstraße 52 Marktplatz,5ee75133-74ce-4a65-ac22-be263ad8566a,2025-07-09 19:00:00+02:00,57.0,13.785,2,-0.9659258262890684,0.2588190451025203,0.9749279121818236,-0.22252093395631434
1879,Hauptstraße 52 Marktplatz,5ee75133-74ce-4a65-ac22-be263ad8566a,2025-07-09 20:00:00+02:00,44.0,10.04,2,-0.8660254037844386,0.5000000000000001,0.9749279121818236,-0.22252093395631434
1880,Hauptstraße 52 Marktplatz,5ee75133-74ce-4a65-ac22-be263ad8566a,2025-07-09 21:00:00+02:00,16.0,16.310000000000002,2,-0.7071067811865477,0.7071067811865474,0.9749279121818236,-0.22252093395631434
1881,Hauptstraße 52 Marktplatz,5ee75133-74ce-4a65-ac22-be263ad8566a,2025-07-09 22:00:00+02:00,7.0,7.840000000000001,2,-0.5000000000000004,0.8660254037844384,0.9749279121818236,-0.22252093395631434
1882,Hauptstraße 52 Marktplatz,5ee75133-74ce-4a65-ac22-be263ad8566a,2025-07-09 23:00:00+02:00,3.0,5.46,2,-0.25881904510252157,0.9659258262890681,0.9749279121818236,-0.22252093395631434
7453,Hauptstraße 52 Marktplatz,5ee75133-74ce-4a65-ac22-be263ad8566a,2025-07-10 00:00:00+02:00,3.0,26.555,2,-0.25881904510252157,0.9659258262890681,0.9749279121818236,-0.22252093395631434
7454,Hauptstraße 52 Marktplatz,5ee75133-74ce-4a65-ac22-be263ad8566a,2025-07-10 01:00:00+02:00,4.0,47.65,3,0.25881904510252074,0.9659258262890683,0.43388373911755823,-0.900968867902419
7455,Hauptstraße 52 Marktplatz,5ee75133-74ce-4a65-ac22-be263ad8566a,2025-07-10 02:00:00+02:00,3.0,54.9475,3,0.49999999999999994,0.8660254037844387,0.43388373911755823,-0.900968867902419
7456,Hauptstraße 52 Marktplatz,5ee75133-74ce-4a65-ac22-be263ad8566a,2025-07-10 03:00:00+02:00,1.0,2.43,3,0.7071067811865475,0.7071067811865476,0.43388373911755823,-0.900968867902419
7457,Hauptstraße 52 Marktplatz,5ee75133-74ce-4a65-ac22-be263ad8566a,2025-07-10 04:00:00+02:00,1.0,45.5,3,0.8660254037844386,0.5000000000000001,0.43388373911755823,-0.900968867902419
7458,Hauptstraße 52 Marktplatz,5ee75133-74ce-4a65-ac22-be263ad8566a,2025-07-10 05:00:00+02:00,3.0,9.665,3,0.9659258262890683,0.25881904510252074,0.43388373911755823,-0.900968867902419
7459,Hauptstraße 52 Marktplatz,5ee75133-74ce-4a65-ac22-be263ad8566a,2025-07-10 06:00:00+02:00,16.0,7.71,3,1.0,6.123233995736766e-17,0.43388373911755823,-0.900968867902419
7460,Hauptstraße 52 Marktplatz,5ee75133-74ce-4a65-ac22-be263ad8566a,2025-07-10 07:00:00+02:00,24.0,7.3500000000000005,3,0.9659258262890683,-0.25881904510252063,0.43388373911755823,-0.900968867902419
7461,Hauptstraße 52 Marktplatz,5ee75133-74ce-4a65-ac22-be263ad8566a,2025-07-10 08:00:00+02:00,24.0,8.4075,3,0.8660254037844387,-0.4999999999999998,0.43388373911755823,-0.900968867902419
1883,Hauptstraße 52 Marktplatz,5ee75133-74ce-4a65-ac22-be263ad8566a,2025-07-10 09:00:00+02:00,13.0,8.465,3,0.7071067811865476,-0.7071067811865475,0.43388373911755823,-0.900968867902419
1884,Hauptstraße 52 Marktplatz,5ee75133-74ce-4a65-ac22-be263ad8566a,2025-07-10 10:00:00+02:00,32.0,7.5625,3,0.49999999999999994,-0.8660254037844387,0.43388373911755823,-0.900968867902419
1885,Hauptstraße 52 Marktplatz,5ee75133-74ce-4a65-ac22-be263ad8566a,2025-07-10 11:00:00+02:00,39.0,7.9625,3,0.258819045102521,-0.9659258262890682,0.43388373911755823,-0.900968867902419
1886,Hauptstraße 52 Marktplatz,5ee75133-74ce-4a65-ac22-be263ad8566a,2025-07-10 12:00:00+02:00,38.0,9.523333333333333,3,1.2246467991473532e-16,-1.0,0.43388373911755823,-0.900968867902419
1887,Hauptstraße 52 Marktplatz,5ee75133-74ce-4a65-ac22-be263ad8566a,2025-07-10 13:00:00+02:00,38.0,10.715,3,-0.2588190451025208,-0.9659258262890683,0.43388373911755823,-0.900968867902419
1888,Hauptstraße 52 Marktplatz,5ee75133-74ce-4a65-ac22-be263ad8566a,2025-07-10 14:00:00+02:00,34.0,6.025,3,-0.4999999999999997,-0.8660254037844388,0.43388373911755823,-0.900968867902419
1889,Hauptstraße 52 Marktplatz,5ee75133-74ce-4a65-ac22-be263ad8566a,2025-07-10 15:00:00+02:00,30.0,10.465,3,-0.7071067811865471,-0.7071067811865479,0.43388373911755823,-0.900968867902419
1890,Hauptstraße 52 Marktplatz,5ee75133-74ce-4a65-ac22-be263ad8566a,2025-07-10 16:00:00+02:00,18.0,13.22,3,-0.8660254037844384,-0.5000000000000004,0.43388373911755823,-0.900968867902419
1891,Hauptstraße 52 Marktplatz,5ee75133-74ce-4a65-ac22-be263ad8566a,2025-07-10 17:00:00+02:00,45.0,15.525,3,-0.9659258262890683,-0.25881904510252063,0.43388373911755823,-0.900968867902419
1892,Hauptstraße 52 Marktplatz,5ee75133-74ce-4a65-ac22-be263ad8566a,2025-07-10 18:00:00+02:00,74.0,15.6125,3,-1.0,-1.8369701987210297e-16,0.43388373911755823,-0.900968867902419
1893,Hauptstraße 52 Marktplatz,5ee75133-74ce-4a65-ac22-be263ad8566a,2025-07-10 19:00:00+02:00,61.0,13.3125,3,-0.9659258262890684,0.2588190451025203,0.43388373911755823,-0.900968867902419
1894,Hauptstraße 52 Marktplatz,5ee75133-74ce-4a65-ac22-be263ad8566a,2025-07-10 20:00:00+02:00,49.0,9.93,3,-0.8660254037844386,0.5000000000000001,0.43388373911755823,-0.900968867902419
1895,Hauptstraße 52 Marktplatz,5ee75133-74ce-4a65-ac22-be263ad8566a,2025-07-10 21:00:00+02:00,28.0,16.604,3,-0.7071067811865477,0.7071067811865474,0.43388373911755823,-0.900968867902419
1896,Hauptstraße 52 Marktplatz,5ee75133-74ce-4a65-ac22-be263ad8566a,2025-07-10 22:00:00+02:00,10.0,9.575,3,-0.5000000000000004,0.8660254037844384,0.43388373911755823,-0.900968867902419
1897,Hauptstraße 52 Marktplatz,5ee75133-74ce-4a65-ac22-be263ad8566a,2025-07-10 23:00:00+02:00,3.0,2.95,3,-0.25881904510252157,0.9659258262890681,0.43388373911755823,-0.900968867902419
7462,Hauptstraße 52 Marktplatz,5ee75133-74ce-4a65-ac22-be263ad8566a,2025-07-11 00:00:00+02:00,8.0,13.35,4,0.0,1.0,-0.433883739117558,-0.9009688679024191
1898,Hauptstraße 52 Marktplatz,5ee75133-74ce-4a65-ac22-be263ad8566a,2025-07-11 01:00:00+02:00,6.0,15.59,4,0.25881904510252074,0.9659258262890683,-0.433883739117558,-0.9009688679024191
1899,Hauptstraße 52 Marktplatz,5ee75133-74ce-4a65-ac22-be263ad8566a,2025-07-11 02:00:00+02:00,3.0,22.0,4,0.49999999999999994,0.8660254037844387,-0.433883739117558,-0.9009688679024191
1900,Hauptstraße 52 Marktplatz,5ee75133-74ce-4a65-ac22-be263ad8566a,2025-07-11 03:00:00+02:00,2.0,3.98,4,0.7071067811865475,0.7071067811865476,-0.433883739117558,-0.9009688679024191
1901,Hauptstraße 52 Marktplatz,5ee75133-74ce-4a65-ac22-be263ad8566a,2025-07-11 04:00:00+02:00,1.0,0.32,4,0.8660254037844386,0.5000000000000001,-0.433883739117558,-0.9009688679024191
1902,Hauptstraße 52 Marktplatz,5ee75133-74ce-4a65-ac22-be263ad8566a,2025-07-11 05:00:00+02:00,7.0,6.955,4,0.9659258262890683,0.25881904510252074,-0.433883739117558,-0.9009688679024191
1903,Hauptstraße 52 Marktplatz,5ee75133-74ce-4a65-ac22-be263ad8566a,2025-07-11 06:00:00+02:00,11.0,6.4350000000000005,4,1.0,6.123233995736766e-17,-0.433883739117558,-0.9009688679024191
1904,Hauptstraße 52 Marktplatz,5ee75133-74ce-4a65-ac22-be263ad8566a,2025-07-11 07:00:00+02:00,16.0,5.425,4,0.9659258262890683,-0.25881904510252063,-0.433883739117558,-0.9009688679024191
1905,Hauptstraße 52 Marktplatz,5ee75133-74ce-4a65-ac22-be263ad8566a,2025-07-11 08:00:00+02:00,15.0,3.4,4,0.8660254037844387,-0.4999999999999998,-0.433883739117558,-0.9009688679024191
7463,Hauptstraße 52 Marktplatz,5ee75133-74ce-4a65-ac22-be263ad8566a,2025-07-11 09:00:00+02:00,21.0,8.2625,4,0.7071067811865476,-0.7071067811865475,-0.433883739117558,-0.9009688679024191
7464,Hauptstraße 52 Marktplatz,5ee75133-74ce-4a65-ac22-be263ad8566a,2025-07-11 10:00:00+02:00,56.0,13.98,4,0.49999999999999994,-0.8660254037844387,-0.433883739117558,-0.9009688679024191
7465,Hauptstraße 52 Marktplatz,5ee75133-74ce-4a65-ac22-be263ad8566a,2025-07-11 11:00:00+02:00,73.0,11.43,4,0.258819045102521,-0.9659258262890682,-0.433883739117558,-0.9009688679024191
7466,Hauptstraße 52 Marktplatz,5ee75133-74ce-4a65-ac22-be263ad8566a,2025-07-11 12:00:00+02:00,63.0,13.274999999999999,4,1.2246467991473532e-16,-1.0,-0.433883739117558,-0.9009688679024191
7467,Hauptstraße 52 Marktplatz,5ee75133-74ce-4a65-ac22-be263ad8566a,2025-07-11 13:00:00+02:00,58.0,11.865,4,-0.2588190451025208,-0.9659258262890683,-0.433883739117558,-0.9009688679024191
7468,Hauptstraße 52 Marktplatz,5ee75133-74ce-4a65-ac22-be263ad8566a,2025-07-11 14:00:00+02:00,50.0,7.359999999999999,4,-0.4999999999999997,-0.8660254037844388,-0.433883739117558,-0.9009688679024191
7469,Hauptstraße 52 Marktplatz,5ee75133-74ce-4a65-ac22-be263ad8566a,2025-07-11 15:00:00+02:00,17.0,4.06,4,-0.7071067811865471,-0.7071067811865479,-0.433883739117558,-0.9009688679024191
7470,Hauptstraße 52 Marktplatz,5ee75133-74ce-4a65-ac22-be263ad8566a,2025-07-11 16:00:00+02:00,17.0,4.82,4,-0.8660254037844384,-0.5000000000000004,-0.433883739117558,-0.9009688679024191
7471,Hauptstraße 52 Marktplatz,5ee75133-74ce-4a65-ac22-be263ad8566a,2025-07-11 17:00:00+02:00,61.0,8.807500000000001,4,-0.9659258262890683,-0.25881904510252063,-0.433883739117558,-0.9009688679024191
7472,Hauptstraße 52 Marktplatz,5ee75133-74ce-4a65-ac22-be263ad8566a,2025-07-11 18:00:00+02:00,67.0,16.5325,4,-1.0,-1.8369701987210297e-16,-0.433883739117558,-0.9009688679024191
1906,Hauptstraße 52 Marktplatz,5ee75133-74ce-4a65-ac22-be263ad8566a,2025-07-11 19:00:00+02:00,59.0,10.78,4,-0.9659258262890684,0.2588190451025203,-0.433883739117558,-0.9009688679024191
7473,Hauptstraße 52 Marktplatz,5ee75133-74ce-4a65-ac22-be263ad8566a,2025-07-11 20:00:00+02:00,47.0,11.6325,4,-0.8660254037844386,0.5000000000000001,-0.433883739117558,-0.9009688679024191
7474,Hauptstraße 52 Marktplatz,5ee75133-74ce-4a65-ac22-be263ad8566a,2025-07-11 21:00:00+02:00,30.0,8.3325,4,-0.7071067811865477,0.7071067811865474,-0.433883739117558,-0.9009688679024191
1907,Hauptstraße 52 Marktplatz,5ee75133-74ce-4a65-ac22-be263ad8566a,2025-07-11 22:00:00+02:00,30.0,13.045,4,-0.5000000000000004,0.8660254037844384,-0.433883739117558,-0.9009688679024191
1908,Hauptstraße 52 Marktplatz,5ee75133-74ce-4a65-ac22-be263ad8566a,2025-07-11 23:00:00+02:00,10.0,2.81,4,-0.25881904510252157,0.9659258262890681,-0.433883739117558,-0.9009688679024191
1909,Hauptstraße 52 Marktplatz,5ee75133-74ce-4a65-ac22-be263ad8566a,2025-07-12 00:00:00+02:00,34.0,33.79,5,0.0,1.0,-0.9749279121818236,-0.2225209339563146
7475,Hauptstraße 52 Marktplatz,5ee75133-74ce-4a65-ac22-be263ad8566a,2025-07-12 01:00:00+02:00,4.0,2.6,5,0.25881904510252074,0.9659258262890683,-0.9749279121818236,-0.2225209339563146
7476,Hauptstraße 52 Marktplatz,5ee75133-74ce-4a65-ac22-be263ad8566a,2025-07-12 02:00:00+02:00,6.0,16.463333333333335,5,0.49999999999999994,0.8660254037844387,-0.9749279121818236,-0.2225209339563146
7477,Hauptstraße 52 Marktplatz,5ee75133-74ce-4a65-ac22-be263ad8566a,2025-07-12 03:00:00+02:00,3.0,14.27,5,0.7071067811865475,0.7071067811865476,-0.9749279121818236,-0.2225209339563146
7478,Hauptstraße 52 Marktplatz,5ee75133-74ce-4a65-ac22-be263ad8566a,2025-07-12 04:00:00+02:00,2.0,27.15,5,0.8660254037844386,0.5000000000000001,-0.9749279121818236,-0.2225209339563146
7479,Hauptstraße 52 Marktplatz,5ee75133-74ce-4a65-ac22-be263ad8566a,2025-07-12 05:00:00+02:00,4.0,3.87,5,0.9659258262890683,0.25881904510252074,-0.9749279121818236,-0.2225209339563146
7480,Hauptstraße 52 Marktplatz,5ee75133-74ce-4a65-ac22-be263ad8566a,2025-07-12 06:00:00+02:00,5.0,18.77,5,1.0,6.123233995736766e-17,-0.9749279121818236,-0.2225209339563146
7481,Hauptstraße 52 Marktplatz,5ee75133-74ce-4a65-ac22-be263ad8566a,2025-07-12 07:00:00+02:00,8.0,10.8775,5,0.9659258262890683,-0.25881904510252063,-0.9749279121818236,-0.2225209339563146
1910,Hauptstraße 52 Marktplatz,5ee75133-74ce-4a65-ac22-be263ad8566a,2025-07-12 08:00:00+02:00,9.0,3.88,5,0.8660254037844387,-0.4999999999999998,-0.9749279121818236,-0.2225209339563146
1911,Hauptstraße 52 Marktplatz,5ee75133-74ce-4a65-ac22-be263ad8566a,2025-07-12 09:00:00+02:00,26.0,10.93,5,0.7071067811865476,-0.7071067811865475,-0.9749279121818236,-0.2225209339563146
7482,Hauptstraße 52 Marktplatz,5ee75133-74ce-4a65-ac22-be263ad8566a,2025-07-12 10:00:00+02:00,0.0,0.0,5,0.49999999999999994,-0.8660254037844387,-0.9749279121818236,-0.2225209339563146
7483,Hauptstraße 52 Marktplatz,5ee75133-74ce-4a65-ac22-be263ad8566a,2025-07-12 11:00:00+02:00,25.0,1.745,5,0.258819045102521,-0.9659258262890682,-0.9749279121818236,-0.2225209339563146
1912,Hauptstraße 52 Marktplatz,5ee75133-74ce-4a65-ac22-be263ad8566a,2025-07-12 12:00:00+02:00,36.0,12.66,5,1.2246467991473532e-16,-1.0,-0.9749279121818236,-0.2225209339563146
1913,Hauptstraße 52 Marktplatz,5ee75133-74ce-4a65-ac22-be263ad8566a,2025-07-12 13:00:00+02:00,28.0,17.22,5,-0.2588190451025208,-0.9659258262890683,-0.9749279121818236,-0.2225209339563146
1914,Hauptstraße 52 Marktplatz,5ee75133-74ce-4a65-ac22-be263ad8566a,2025-07-12 14:00:00+02:00,44.0,19.2025,5,-0.4999999999999997,-0.8660254037844388,-0.9749279121818236,-0.2225209339563146
1915,Hauptstraße 52 Marktplatz,5ee75133-74ce-4a65-ac22-be263ad8566a,2025-07-12 15:00:00+02:00,45.0,13.456,5,-0.7071067811865471,-0.7071067811865479,-0.9749279121818236,-0.2225209339563146
1916,Hauptstraße 52 Marktplatz,5ee75133-74ce-4a65-ac22-be263ad8566a,2025-07-12 16:00:00+02:00,47.0,15.323333333333332,5,-0.8660254037844384,-0.5000000000000004,-0.9749279121818236,-0.2225209339563146
1917,Hauptstraße 52 Marktplatz,5ee75133-74ce-4a65-ac22-be263ad8566a,2025-07-12 17:00:00+02:00,64.0,10.7025,5,-0.9659258262890683,-0.25881904510252063,-0.9749279121818236,-0.2225209339563146
1918,Hauptstraße 52 Marktplatz,5ee75133-74ce-4a65-ac22-be263ad8566a,2025-07-12 18:00:00+02:00,61.0,12.440000000000001,5,-1.0,-1.8369701987210297e-16,-0.9749279121818236,-0.2225209339563146
1919,Hauptstraße 52 Marktplatz,5ee75133-74ce-4a65-ac22-be263ad8566a,2025-07-12 19:00:00+02:00,52.0,15.75,5,-0.9659258262890684,0.2588190451025203,-0.9749279121818236,-0.2225209339563146
1920,Hauptstraße 52 Marktplatz,5ee75133-74ce-4a65-ac22-be263ad8566a,2025-07-12 20:00:00+02:00,27.0,15.24,5,-0.8660254037844386,0.5000000000000001,-0.9749279121818236,-0.2225209339563146
1921,Hauptstraße 52 Marktplatz,5ee75133-74ce-4a65-ac22-be263ad8566a,2025-07-12 21:00:00+02:00,33.0,13.065000000000001,5,-0.7071067811865477,0.7071067811865474,-0.9749279121818236,-0.2225209339563146
1922,Hauptstraße 52 Marktplatz,5ee75133-74ce-4a65-ac22-be263ad8566a,2025-07-12 22:00:00+02:00,20.0,8.996666666666668,5,-0.5000000000000004,0.8660254037844384,-0.9749279121818236,-0.2225209339563146
1923,Hauptstraße 52 Marktplatz,5ee75133-74ce-4a65-ac22-be263ad8566a,2025-07-12 23:00:00+02:00,5.0,3.98,5,-0.25881904510252157,0.9659258262890681,-0.9749279121818236,-0.2225209339563146
1924,Hauptstraße 52 Marktplatz,5ee75133-74ce-4a65-ac22-be263ad8566a,2025-07-13 00:00:00+02:00,31.0,14.3,6,0.0,1.0,-0.7818314824680299,0.6234898018587334
1925,Hauptstraße 52 Marktplatz,5ee75133-74ce-4a65-ac22-be263ad8566a,2025-07-13 01:00:00+02:00,13.0,14.273333333333333,6,0.25881904510252074,0.9659258262890683,-0.7818314824680299,0.6234898018587334
1926,Hauptstraße 52 Marktplatz,5ee75133-74ce-4a65-ac22-be263ad8566a,2025-07-13 02:00:00+02:00,9.0,7.355,6,0.49999999999999994,0.8660254037844387,-0.7818314824680299,0.6234898018587334
1927,Hauptstraße 52 Marktplatz,5ee75133-74ce-4a65-ac22-be263ad8566a,2025-07-13 03:00:00+02:00,3.0,23.21666666666667,6,0.7071067811865475,0.7071067811865476,-0.7818314824680299,0.6234898018587334
1928,Hauptstraße 52 Marktplatz,5ee75133-74ce-4a65-ac22-be263ad8566a,2025-07-13 04:00:00+02:00,5.0,30.65,6,0.8660254037844386,0.5000000000000001,-0.7818314824680299,0.6234898018587334
1929,Hauptstraße 52 Marktplatz,5ee75133-74ce-4a65-ac22-be263ad8566a,2025-07-13 05:00:00+02:00,1.0,0.02,6,0.9659258262890683,0.25881904510252074,-0.7818314824680299,0.6234898018587334
7484,Hauptstraße 52 Marktplatz,5ee75133-74ce-4a65-ac22-be263ad8566a,2025-07-13 06:00:00+02:00,3.0,2.1225,6,0.9659258262890683,0.25881904510252074,-0.7818314824680299,0.6234898018587334
7485,Hauptstraße 52 Marktplatz,5ee75133-74ce-4a65-ac22-be263ad8566a,2025-07-13 07:00:00+02:00,6.0,4.245,6,0.9659258262890683,-0.25881904510252063,-0.7818314824680299,0.6234898018587334
7486,Hauptstraße 52 Marktplatz,5ee75133-74ce-4a65-ac22-be263ad8566a,2025-07-13 08:00:00+02:00,11.0,6.11,6,0.8660254037844387,-0.4999999999999998,-0.7818314824680299,0.6234898018587334
7487,Hauptstraße 52 Marktplatz,5ee75133-74ce-4a65-ac22-be263ad8566a,2025-07-13 09:00:00+02:00,11.0,7.0600000000000005,6,0.7071067811865476,-0.7071067811865475,-0.7818314824680299,0.6234898018587334
7488,Hauptstraße 52 Marktplatz,5ee75133-74ce-4a65-ac22-be263ad8566a,2025-07-13 10:00:00+02:00,15.0,6.93,6,0.49999999999999994,-0.8660254037844387,-0.7818314824680299,0.6234898018587334
7489,Hauptstraße 52 Marktplatz,5ee75133-74ce-4a65-ac22-be263ad8566a,2025-07-13 11:00:00+02:00,21.0,6.825,6,0.258819045102521,-0.9659258262890682,-0.7818314824680299,0.6234898018587334
7490,Hauptstraße 52 Marktplatz,5ee75133-74ce-4a65-ac22-be263ad8566a,2025-07-13 12:00:00+02:00,24.0,10.706666666666665,6,1.2246467991473532e-16,-1.0,-0.7818314824680299,0.6234898018587334
7491,Hauptstraße 52 Marktplatz,5ee75133-74ce-4a65-ac22-be263ad8566a,2025-07-13 13:00:00+02:00,25.0,10.408333333333331,6,1.2246467991473532e-16,-1.0,-0.7818314824680299,0.6234898018587334
7492,Hauptstraße 52 Marktplatz,5ee75133-74ce-4a65-ac22-be263ad8566a,2025-07-13 14:00:00+02:00,26.0,10.11,6,-0.4999999999999997,-0.8660254037844388,-0.7818314824680299,0.6234898018587334
7493,Hauptstraße 52 Marktplatz,5ee75133-74ce-4a65-ac22-be263ad8566a,2025-07-13 15:00:00+02:00,39.0,10.9,6,-0.7071067811865471,-0.7071067811865479,-0.7818314824680299,0.6234898018587334
7494,Hauptstraße 52 Marktplatz,5ee75133-74ce-4a65-ac22-be263ad8566a,2025-07-13 16:00:00+02:00,20.0,14.030000000000001,6,-0.8660254037844384,-0.5000000000000004,-0.7818314824680299,0.6234898018587334
7495,Hauptstraße 52 Marktplatz,5ee75133-74ce-4a65-ac22-be263ad8566a,2025-07-13 17:00:00+02:00,12.0,7.17,6,-0.9659258262890683,-0.25881904510252063,-0.7818314824680299,0.6234898018587334
7496,Hauptstraße 52 Marktplatz,5ee75133-74ce-4a65-ac22-be263ad8566a,2025-07-13 18:00:00+02:00,18.0,12.426666666666668,6,-1.0,-1.8369701987210297e-16,-0.7818314824680299,0.6234898018587334
7497,Hauptstraße 52 Marktplatz,5ee75133-74ce-4a65-ac22-be263ad8566a,2025-07-13 19:00:00+02:00,10.0,9.379999999999999,6,-0.9659258262890684,0.2588190451025203,-0.7818314824680299,0.6234898018587334
7498,Hauptstraße 52 Marktplatz,5ee75133-74ce-4a65-ac22-be263ad8566a,2025-07-13 20:00:00+02:00,17.0,11.19,6,-0.8660254037844386,0.5000000000000001,-0.7818314824680299,0.6234898018587334
7499,Hauptstraße 52 Marktplatz,5ee75133-74ce-4a65-ac22-be263ad8566a,2025-07-13 21:00:00+02:00,8.0,9.44,6,-0.7071067811865477,0.7071067811865474,-0.7818314824680299,0.6234898018587334
7500,Hauptstraße 52 Marktplatz,5ee75133-74ce-4a65-ac22-be263ad8566a,2025-07-13 22:00:00+02:00,7.0,16.065,6,-0.5000000000000004,0.8660254037844384,-0.7818314824680299,0.6234898018587334
1930,Hauptstraße 52 Marktplatz,5ee75133-74ce-4a65-ac22-be263ad8566a,2025-07-13 23:00:00+02:00,2.0,5.96,6,-0.25881904510252157,0.9659258262890681,-0.7818314824680299,0.6234898018587334
7501,Hauptstraße 52 Marktplatz,5ee75133-74ce-4a65-ac22-be263ad8566a,2025-07-14 00:00:00+02:00,1.0,13.6125,6,-0.25881904510252157,0.9659258262890681,-0.7818314824680299,0.6234898018587334
1931,Hauptstraße 52 Marktplatz,5ee75133-74ce-4a65-ac22-be263ad8566a,2025-07-14 01:00:00+02:00,12.0,32.91,0,0.25881904510252074,0.9659258262890683,0.0,1.0
