SID,location,timestamp,point_error,anomaly
ee12f4cf-9fbe-4c2a-b3fb-7783a3d78355,Kurstraße 7,2025-06-30 03:00:00+02:00,21.129596710205078,No
ee12f4cf-9fbe-4c2a-b3fb-7783a3d78355,Kurstraße 7,2025-06-30 04:00:00+02:00,21.407020568847656,No
ee12f4cf-9fbe-4c2a-b3fb-7783a3d78355,Kurstraße 7,2025-06-30 05:00:00+02:00,14.696356455485025,No
ee12f4cf-9fbe-4c2a-b3fb-7783a3d78355,Kurstraße 7,2025-06-30 06:00:00+02:00,7.167901039123535,No
ee12f4cf-9fbe-4c2a-b3fb-7783a3d78355,Kurstraße 7,2025-06-30 07:00:00+02:00,20.874562072753907,No
ee12f4cf-9fbe-4c2a-b3fb-7783a3d78355,Kurstraße 7,2025-06-30 08:00:00+02:00,14.48208999633789,No
ee12f4cf-9fbe-4c2a-b3fb-7783a3d78355,Kurstraße 7,2025-06-30 09:00:00+02:00,18.322587149483816,No
ee12f4cf-9fbe-4c2a-b3fb-7783a3d78355,Kurstraße 7,2025-06-30 10:00:00+02:00,13.436530113220215,No
ee12f4cf-9fbe-4c2a-b3fb-7783a3d78355,Kurstraße 7,2025-06-30 11:00:00+02:00,23.076982286241318,No
ee12f4cf-9fbe-4c2a-b3fb-7783a3d78355,Kurstraße 7,2025-06-30 12:00:00+02:00,14.476107025146485,No
ee12f4cf-9fbe-4c2a-b3fb-7783a3d78355,Kurstraße 7,2025-06-30 13:00:00+02:00,26.33742800625888,No
ee12f4cf-9fbe-4c2a-b3fb-7783a3d78355,Kurstraße 7,2025-06-30 14:00:00+02:00,25.76087824503581,No
ee12f4cf-9fbe-4c2a-b3fb-7783a3d78355,Kurstraße 7,2025-06-30 15:00:00+02:00,16.03846858097957,No
ee12f4cf-9fbe-4c2a-b3fb-7783a3d78355,Kurstraße 7,2025-06-30 16:00:00+02:00,19.837714059012278,No
ee12f4cf-9fbe-4c2a-b3fb-7783a3d78355,Kurstraße 7,2025-06-30 17:00:00+02:00,37.99874521891276,No
ee12f4cf-9fbe-4c2a-b3fb-7783a3d78355,Kurstraße 7,2025-06-30 18:00:00+02:00,17.573699474334717,No
ee12f4cf-9fbe-4c2a-b3fb-7783a3d78355,Kurstraße 7,2025-06-30 19:00:00+02:00,34.968547596650964,No
ee12f4cf-9fbe-4c2a-b3fb-7783a3d78355,Kurstraße 7,2025-06-30 20:00:00+02:00,14.136331770155165,No
ee12f4cf-9fbe-4c2a-b3fb-7783a3d78355,Kurstraße 7,2025-06-30 21:00:00+02:00,6.750929581491571,No
ee12f4cf-9fbe-4c2a-b3fb-7783a3d78355,Kurstraße 7,2025-06-30 22:00:00+02:00,5.248254203796387,No
ee12f4cf-9fbe-4c2a-b3fb-7783a3d78355,Kurstraße 7,2025-06-30 23:00:00+02:00,20.891022636776878,No
ee12f4cf-9fbe-4c2a-b3fb-7783a3d78355,Kurstraße 7,2025-07-01 00:00:00+02:00,4.272296385331587,No
ee12f4cf-9fbe-4c2a-b3fb-7783a3d78355,Kurstraße 7,2025-07-01 01:00:00+02:00,17.073317320450492,No
ee12f4cf-9fbe-4c2a-b3fb-7783a3d78355,Kurstraße 7,2025-07-01 02:00:00+02:00,19.134283542633057,No
ee12f4cf-9fbe-4c2a-b3fb-7783a3d78355,Kurstraße 7,2025-07-01 03:00:00+02:00,22.345494588216145,No
ee12f4cf-9fbe-4c2a-b3fb-7783a3d78355,Kurstraße 7,2025-07-01 04:00:00+02:00,20.958863417307537,No
ee12f4cf-9fbe-4c2a-b3fb-7783a3d78355,Kurstraße 7,2025-07-01 05:00:00+02:00,22.714595953623455,No
ee12f4cf-9fbe-4c2a-b3fb-7783a3d78355,Kurstraße 7,2025-07-01 06:00:00+02:00,11.96379534403483,No
ee12f4cf-9fbe-4c2a-b3fb-7783a3d78355,Kurstraße 7,2025-07-01 07:00:00+02:00,12.394562403361002,No
ee12f4cf-9fbe-4c2a-b3fb-7783a3d78355,Kurstraße 7,2025-07-01 08:00:00+02:00,11.8015718460083,No
ee12f4cf-9fbe-4c2a-b3fb-7783a3d78355,Kurstraße 7,2025-07-01 09:00:00+02:00,30.270531336466473,No
ee12f4cf-9fbe-4c2a-b3fb-7783a3d78355,Kurstraße 7,2025-07-01 10:00:00+02:00,17.708268801371258,No
ee12f4cf-9fbe-4c2a-b3fb-7783a3d78355,Kurstraße 7,2025-07-01 11:00:00+02:00,38.85825443267822,No
ee12f4cf-9fbe-4c2a-b3fb-7783a3d78355,Kurstraße 7,2025-07-01 12:00:00+02:00,51.35583368937174,Yes
ee12f4cf-9fbe-4c2a-b3fb-7783a3d78355,Kurstraße 7,2025-07-01 13:00:00+02:00,19.791598002115887,No
ee12f4cf-9fbe-4c2a-b3fb-7783a3d78355,Kurstraße 7,2025-07-01 14:00:00+02:00,3.6506102879842124,No
ee12f4cf-9fbe-4c2a-b3fb-7783a3d78355,Kurstraße 7,2025-07-01 15:00:00+02:00,6.692324002583821,No
ee12f4cf-9fbe-4c2a-b3fb-7783a3d78355,Kurstraße 7,2025-07-01 16:00:00+02:00,47.69277413686117,Yes
ee12f4cf-9fbe-4c2a-b3fb-7783a3d78355,Kurstraße 7,2025-07-01 17:00:00+02:00,35.53990109761556,No
ee12f4cf-9fbe-4c2a-b3fb-7783a3d78355,Kurstraße 7,2025-07-01 18:00:00+02:00,20.903875668843586,No
ee12f4cf-9fbe-4c2a-b3fb-7783a3d78355,Kurstraße 7,2025-07-01 19:00:00+02:00,4.74924103418986,No
ee12f4cf-9fbe-4c2a-b3fb-7783a3d78355,Kurstraße 7,2025-07-01 20:00:00+02:00,14.58741283416748,No
ee12f4cf-9fbe-4c2a-b3fb-7783a3d78355,Kurstraße 7,2025-07-01 21:00:00+02:00,5.022457122802734,No
ee12f4cf-9fbe-4c2a-b3fb-7783a3d78355,Kurstraße 7,2025-07-01 22:00:00+02:00,11.530022144317627,No
ee12f4cf-9fbe-4c2a-b3fb-7783a3d78355,Kurstraße 7,2025-07-01 23:00:00+02:00,16.799432436625164,No
ee12f4cf-9fbe-4c2a-b3fb-7783a3d78355,Kurstraße 7,2025-07-02 00:00:00+02:00,6.375314394632976,No
ee12f4cf-9fbe-4c2a-b3fb-7783a3d78355,Kurstraße 7,2025-07-02 01:00:00+02:00,12.778886953989664,No
ee12f4cf-9fbe-4c2a-b3fb-7783a3d78355,Kurstraße 7,2025-07-02 02:00:00+02:00,21.027244408925373,No
ee12f4cf-9fbe-4c2a-b3fb-7783a3d78355,Kurstraße 7,2025-07-02 03:00:00+02:00,21.613366921742756,No
ee12f4cf-9fbe-4c2a-b3fb-7783a3d78355,Kurstraße 7,2025-07-02 04:00:00+02:00,28.997154871622723,No
ee12f4cf-9fbe-4c2a-b3fb-7783a3d78355,Kurstraße 7,2025-07-02 05:00:00+02:00,27.56501563390096,No
ee12f4cf-9fbe-4c2a-b3fb-7783a3d78355,Kurstraße 7,2025-07-02 06:00:00+02:00,17.918915112813313,No
ee12f4cf-9fbe-4c2a-b3fb-7783a3d78355,Kurstraße 7,2025-07-02 07:00:00+02:00,24.110397974650066,No
ee12f4cf-9fbe-4c2a-b3fb-7783a3d78355,Kurstraße 7,2025-07-02 08:00:00+02:00,12.478185017903646,No
ee12f4cf-9fbe-4c2a-b3fb-7783a3d78355,Kurstraße 7,2025-07-02 09:00:00+02:00,32.14630254109701,No
ee12f4cf-9fbe-4c2a-b3fb-7783a3d78355,Kurstraße 7,2025-07-02 10:00:00+02:00,9.198551813761393,No
ee12f4cf-9fbe-4c2a-b3fb-7783a3d78355,Kurstraße 7,2025-07-02 11:00:00+02:00,28.204273223876953,No
ee12f4cf-9fbe-4c2a-b3fb-7783a3d78355,Kurstraße 7,2025-07-02 12:00:00+02:00,3.78349240620931,No
ee12f4cf-9fbe-4c2a-b3fb-7783a3d78355,Kurstraße 7,2025-07-02 13:00:00+02:00,34.284239768981934,No
ee12f4cf-9fbe-4c2a-b3fb-7783a3d78355,Kurstraße 7,2025-07-02 14:00:00+02:00,26.769614537556965,No
ee12f4cf-9fbe-4c2a-b3fb-7783a3d78355,Kurstraße 7,2025-07-02 15:00:00+02:00,9.10534954071045,No
ee12f4cf-9fbe-4c2a-b3fb-7783a3d78355,Kurstraße 7,2025-07-02 16:00:00+02:00,4.632437070210774,No
ee12f4cf-9fbe-4c2a-b3fb-7783a3d78355,Kurstraße 7,2025-07-02 17:00:00+02:00,14.446447372436523,No
ee12f4cf-9fbe-4c2a-b3fb-7783a3d78355,Kurstraße 7,2025-07-02 18:00:00+02:00,16.626511255900066,No
ee12f4cf-9fbe-4c2a-b3fb-7783a3d78355,Kurstraße 7,2025-07-02 19:00:00+02:00,8.247544606526693,No
ee12f4cf-9fbe-4c2a-b3fb-7783a3d78355,Kurstraße 7,2025-07-02 20:00:00+02:00,9.650334676106771,No
ee12f4cf-9fbe-4c2a-b3fb-7783a3d78355,Kurstraße 7,2025-07-02 21:00:00+02:00,8.406795342763266,No
ee12f4cf-9fbe-4c2a-b3fb-7783a3d78355,Kurstraße 7,2025-07-02 22:00:00+02:00,16.729746500651043,No
ee12f4cf-9fbe-4c2a-b3fb-7783a3d78355,Kurstraße 7,2025-07-02 23:00:00+02:00,24.478629112243652,No
ee12f4cf-9fbe-4c2a-b3fb-7783a3d78355,Kurstraße 7,2025-07-03 00:00:00+02:00,19.780551274617512,No
ee12f4cf-9fbe-4c2a-b3fb-7783a3d78355,Kurstraße 7,2025-07-03 01:00:00+02:00,17.151515007019043,No
ee12f4cf-9fbe-4c2a-b3fb-7783a3d78355,Kurstraße 7,2025-07-03 02:00:00+02:00,19.509580612182617,No
ee12f4cf-9fbe-4c2a-b3fb-7783a3d78355,Kurstraße 7,2025-07-03 03:00:00+02:00,25.18444538116455,No
ee12f4cf-9fbe-4c2a-b3fb-7783a3d78355,Kurstraße 7,2025-07-03 04:00:00+02:00,28.904188950856526,No
ee12f4cf-9fbe-4c2a-b3fb-7783a3d78355,Kurstraße 7,2025-07-03 05:00:00+02:00,27.442249298095703,No
ee12f4cf-9fbe-4c2a-b3fb-7783a3d78355,Kurstraße 7,2025-07-03 06:00:00+02:00,24.968031724294026,No
ee12f4cf-9fbe-4c2a-b3fb-7783a3d78355,Kurstraße 7,2025-07-03 07:00:00+02:00,10.141323725382486,No
ee12f4cf-9fbe-4c2a-b3fb-7783a3d78355,Kurstraße 7,2025-07-03 08:00:00+02:00,10.684260686238607,No
ee12f4cf-9fbe-4c2a-b3fb-7783a3d78355,Kurstraße 7,2025-07-03 09:00:00+02:00,8.570929845174154,No
ee12f4cf-9fbe-4c2a-b3fb-7783a3d78355,Kurstraße 7,2025-07-03 10:00:00+02:00,5.086750666300456,No
ee12f4cf-9fbe-4c2a-b3fb-7783a3d78355,Kurstraße 7,2025-07-03 11:00:00+02:00,21.896931330362957,No
ee12f4cf-9fbe-4c2a-b3fb-7783a3d78355,Kurstraße 7,2025-07-03 12:00:00+02:00,4.3481496175130205,No
ee12f4cf-9fbe-4c2a-b3fb-7783a3d78355,Kurstraße 7,2025-07-03 13:00:00+02:00,19.58886210123698,No
ee12f4cf-9fbe-4c2a-b3fb-7783a3d78355,Kurstraße 7,2025-07-03 14:00:00+02:00,9.30174446105957,No
ee12f4cf-9fbe-4c2a-b3fb-7783a3d78355,Kurstraße 7,2025-07-03 15:00:00+02:00,41.019500732421875,No
ee12f4cf-9fbe-4c2a-b3fb-7783a3d78355,Kurstraße 7,2025-07-03 16:00:00+02:00,47.81691932678223,Yes
ee12f4cf-9fbe-4c2a-b3fb-7783a3d78355,Kurstraße 7,2025-07-03 17:00:00+02:00,43.805508613586426,No
ee12f4cf-9fbe-4c2a-b3fb-7783a3d78355,Kurstraße 7,2025-07-03 18:00:00+02:00,59.62973562876383,Yes
ee12f4cf-9fbe-4c2a-b3fb-7783a3d78355,Kurstraße 7,2025-07-03 19:00:00+02:00,7.916394551595052,No
ee12f4cf-9fbe-4c2a-b3fb-7783a3d78355,Kurstraße 7,2025-07-03 20:00:00+02:00,7.602151552836101,No
ee12f4cf-9fbe-4c2a-b3fb-7783a3d78355,Kurstraße 7,2025-07-03 21:00:00+02:00,6.438407103220622,No
ee12f4cf-9fbe-4c2a-b3fb-7783a3d78355,Kurstraße 7,2025-07-03 22:00:00+02:00,12.623271465301514,No
ee12f4cf-9fbe-4c2a-b3fb-7783a3d78355,Kurstraße 7,2025-07-03 23:00:00+02:00,23.17761754989624,No
ee12f4cf-9fbe-4c2a-b3fb-7783a3d78355,Kurstraße 7,2025-07-04 00:00:00+02:00,22.150904814402264,No
ee12f4cf-9fbe-4c2a-b3fb-7783a3d78355,Kurstraße 7,2025-07-04 01:00:00+02:00,12.90979290008545,No
ee12f4cf-9fbe-4c2a-b3fb-7783a3d78355,Kurstraße 7,2025-07-04 02:00:00+02:00,21.919015884399414,No
ee12f4cf-9fbe-4c2a-b3fb-7783a3d78355,Kurstraße 7,2025-07-04 03:00:00+02:00,25.026517868041992,No
ee12f4cf-9fbe-4c2a-b3fb-7783a3d78355,Kurstraße 7,2025-07-04 04:00:00+02:00,22.864704767862957,No
ee12f4cf-9fbe-4c2a-b3fb-7783a3d78355,Kurstraße 7,2025-07-04 05:00:00+02:00,22.44024960199992,No
ee12f4cf-9fbe-4c2a-b3fb-7783a3d78355,Kurstraße 7,2025-07-04 06:00:00+02:00,17.882579167683918,No
ee12f4cf-9fbe-4c2a-b3fb-7783a3d78355,Kurstraße 7,2025-07-04 07:00:00+02:00,12.122170289357504,No
ee12f4cf-9fbe-4c2a-b3fb-7783a3d78355,Kurstraße 7,2025-07-04 08:00:00+02:00,11.984544118245443,No
ee12f4cf-9fbe-4c2a-b3fb-7783a3d78355,Kurstraße 7,2025-07-04 09:00:00+02:00,12.69888432820638,No
ee12f4cf-9fbe-4c2a-b3fb-7783a3d78355,Kurstraße 7,2025-07-04 10:00:00+02:00,40.91874758402506,No
ee12f4cf-9fbe-4c2a-b3fb-7783a3d78355,Kurstraße 7,2025-07-04 11:00:00+02:00,13.352075576782227,No
ee12f4cf-9fbe-4c2a-b3fb-7783a3d78355,Kurstraße 7,2025-07-04 12:00:00+02:00,25.402681986490887,No
ee12f4cf-9fbe-4c2a-b3fb-7783a3d78355,Kurstraße 7,2025-07-04 13:00:00+02:00,33.773660024007164,No
ee12f4cf-9fbe-4c2a-b3fb-7783a3d78355,Kurstraße 7,2025-07-04 14:00:00+02:00,33.71785545349121,No
ee12f4cf-9fbe-4c2a-b3fb-7783a3d78355,Kurstraße 7,2025-07-04 15:00:00+02:00,26.00828234354655,No
ee12f4cf-9fbe-4c2a-b3fb-7783a3d78355,Kurstraße 7,2025-07-04 16:00:00+02:00,76.47210216522217,Yes
ee12f4cf-9fbe-4c2a-b3fb-7783a3d78355,Kurstraße 7,2025-07-04 17:00:00+02:00,49.631965001424156,Yes
ee12f4cf-9fbe-4c2a-b3fb-7783a3d78355,Kurstraße 7,2025-07-04 18:00:00+02:00,79.21094544728597,Yes
ee12f4cf-9fbe-4c2a-b3fb-7783a3d78355,Kurstraße 7,2025-07-04 19:00:00+02:00,30.407122294108074,No
ee12f4cf-9fbe-4c2a-b3fb-7783a3d78355,Kurstraße 7,2025-07-04 20:00:00+02:00,13.665179570515951,No
ee12f4cf-9fbe-4c2a-b3fb-7783a3d78355,Kurstraße 7,2025-07-04 21:00:00+02:00,18.557498613993328,No
ee12f4cf-9fbe-4c2a-b3fb-7783a3d78355,Kurstraße 7,2025-07-04 22:00:00+02:00,7.817180474599202,No
ee12f4cf-9fbe-4c2a-b3fb-7783a3d78355,Kurstraße 7,2025-07-04 23:00:00+02:00,32.488791624704994,No
ee12f4cf-9fbe-4c2a-b3fb-7783a3d78355,Kurstraße 7,2025-07-05 00:00:00+02:00,6.439649264017741,No
ee12f4cf-9fbe-4c2a-b3fb-7783a3d78355,Kurstraße 7,2025-07-05 01:00:00+02:00,13.840447743733725,No
ee12f4cf-9fbe-4c2a-b3fb-7783a3d78355,Kurstraße 7,2025-07-05 02:00:00+02:00,21.298359235127766,No
ee12f4cf-9fbe-4c2a-b3fb-7783a3d78355,Kurstraße 7,2025-07-05 03:00:00+02:00,18.25780502955119,No
ee12f4cf-9fbe-4c2a-b3fb-7783a3d78355,Kurstraße 7,2025-07-05 04:00:00+02:00,24.68186330795288,No
ee12f4cf-9fbe-4c2a-b3fb-7783a3d78355,Kurstraße 7,2025-07-05 05:00:00+02:00,20.96248213450114,No
ee12f4cf-9fbe-4c2a-b3fb-7783a3d78355,Kurstraße 7,2025-07-05 06:00:00+02:00,11.173458735148111,No
ee12f4cf-9fbe-4c2a-b3fb-7783a3d78355,Kurstraße 7,2025-07-05 07:00:00+02:00,14.333580334981283,No
ee12f4cf-9fbe-4c2a-b3fb-7783a3d78355,Kurstraße 7,2025-07-05 08:00:00+02:00,7.751367886861165,No
ee12f4cf-9fbe-4c2a-b3fb-7783a3d78355,Kurstraße 7,2025-07-05 09:00:00+02:00,16.2587890625,No
ee12f4cf-9fbe-4c2a-b3fb-7783a3d78355,Kurstraße 7,2025-07-05 10:00:00+02:00,117.98465538024902,Yes
ee12f4cf-9fbe-4c2a-b3fb-7783a3d78355,Kurstraße 7,2025-07-05 11:00:00+02:00,43.552063624064125,No
ee12f4cf-9fbe-4c2a-b3fb-7783a3d78355,Kurstraße 7,2025-07-05 12:00:00+02:00,40.27706336975098,No
ee12f4cf-9fbe-4c2a-b3fb-7783a3d78355,Kurstraße 7,2025-07-05 13:00:00+02:00,12.051377614339193,No
ee12f4cf-9fbe-4c2a-b3fb-7783a3d78355,Kurstraße 7,2025-07-05 14:00:00+02:00,54.295536041259766,Yes
ee12f4cf-9fbe-4c2a-b3fb-7783a3d78355,Kurstraße 7,2025-07-05 15:00:00+02:00,29.044396082560223,No
ee12f4cf-9fbe-4c2a-b3fb-7783a3d78355,Kurstraße 7,2025-07-05 16:00:00+02:00,44.04087702433268,No
ee12f4cf-9fbe-4c2a-b3fb-7783a3d78355,Kurstraße 7,2025-07-05 17:00:00+02:00,14.999448776245117,No
ee12f4cf-9fbe-4c2a-b3fb-7783a3d78355,Kurstraße 7,2025-07-05 18:00:00+02:00,15.891623814900717,No
ee12f4cf-9fbe-4c2a-b3fb-7783a3d78355,Kurstraße 7,2025-07-05 19:00:00+02:00,21.102074940999348,No
ee12f4cf-9fbe-4c2a-b3fb-7783a3d78355,Kurstraße 7,2025-07-05 20:00:00+02:00,23.3159818649292,No
ee12f4cf-9fbe-4c2a-b3fb-7783a3d78355,Kurstraße 7,2025-07-05 21:00:00+02:00,11.940694650014242,No
ee12f4cf-9fbe-4c2a-b3fb-7783a3d78355,Kurstraße 7,2025-07-05 22:00:00+02:00,5.887893835703532,No
ee12f4cf-9fbe-4c2a-b3fb-7783a3d78355,Kurstraße 7,2025-07-05 23:00:00+02:00,28.2912761370341,No
ee12f4cf-9fbe-4c2a-b3fb-7783a3d78355,Kurstraße 7,2025-07-06 00:00:00+02:00,5.744066079457601,No
ee12f4cf-9fbe-4c2a-b3fb-7783a3d78355,Kurstraße 7,2025-07-06 01:00:00+02:00,15.5467848777771,No
ee12f4cf-9fbe-4c2a-b3fb-7783a3d78355,Kurstraße 7,2025-07-06 02:00:00+02:00,18.773193677266438,No
ee12f4cf-9fbe-4c2a-b3fb-7783a3d78355,Kurstraße 7,2025-07-06 03:00:00+02:00,17.783562501271565,No
ee12f4cf-9fbe-4c2a-b3fb-7783a3d78355,Kurstraße 7,2025-07-06 04:00:00+02:00,16.183959484100342,No
ee12f4cf-9fbe-4c2a-b3fb-7783a3d78355,Kurstraße 7,2025-07-06 05:00:00+02:00,17.024239857991535,No
ee12f4cf-9fbe-4c2a-b3fb-7783a3d78355,Kurstraße 7,2025-07-06 06:00:00+02:00,21.76953125,No
ee12f4cf-9fbe-4c2a-b3fb-7783a3d78355,Kurstraße 7,2025-07-06 07:00:00+02:00,28.319915453592937,No
ee12f4cf-9fbe-4c2a-b3fb-7783a3d78355,Kurstraße 7,2025-07-06 08:00:00+02:00,26.48863999048869,No
ee12f4cf-9fbe-4c2a-b3fb-7783a3d78355,Kurstraße 7,2025-07-06 09:00:00+02:00,33.682111740112305,No
ee12f4cf-9fbe-4c2a-b3fb-7783a3d78355,Kurstraße 7,2025-07-06 10:00:00+02:00,14.088987986246744,No
ee12f4cf-9fbe-4c2a-b3fb-7783a3d78355,Kurstraße 7,2025-07-06 11:00:00+02:00,14.229864756266275,No
ee12f4cf-9fbe-4c2a-b3fb-7783a3d78355,Kurstraße 7,2025-07-06 12:00:00+02:00,20.474875768025715,No
ee12f4cf-9fbe-4c2a-b3fb-7783a3d78355,Kurstraße 7,2025-07-06 13:00:00+02:00,52.9907283782959,Yes
ee12f4cf-9fbe-4c2a-b3fb-7783a3d78355,Kurstraße 7,2025-07-06 14:00:00+02:00,38.35650316874186,No
ee12f4cf-9fbe-4c2a-b3fb-7783a3d78355,Kurstraße 7,2025-07-06 15:00:00+02:00,76.0861136118571,Yes
ee12f4cf-9fbe-4c2a-b3fb-7783a3d78355,Kurstraße 7,2025-07-06 16:00:00+02:00,13.488413174947103,No
ee12f4cf-9fbe-4c2a-b3fb-7783a3d78355,Kurstraße 7,2025-07-06 17:00:00+02:00,17.688812255859375,No
ee12f4cf-9fbe-4c2a-b3fb-7783a3d78355,Kurstraße 7,2025-07-06 18:00:00+02:00,11.487025260925293,No
ee12f4cf-9fbe-4c2a-b3fb-7783a3d78355,Kurstraße 7,2025-07-06 19:00:00+02:00,12.09546184539795,No
ee12f4cf-9fbe-4c2a-b3fb-7783a3d78355,Kurstraße 7,2025-07-06 20:00:00+02:00,14.497248967488607,No
ee12f4cf-9fbe-4c2a-b3fb-7783a3d78355,Kurstraße 7,2025-07-06 21:00:00+02:00,11.903904914855957,No
ee12f4cf-9fbe-4c2a-b3fb-7783a3d78355,Kurstraße 7,2025-07-06 22:00:00+02:00,13.887035210927328,No
ee12f4cf-9fbe-4c2a-b3fb-7783a3d78355,Kurstraße 7,2025-07-06 23:00:00+02:00,16.45134623845418,No
ee12f4cf-9fbe-4c2a-b3fb-7783a3d78355,Kurstraße 7,2025-07-07 00:00:00+02:00,16.792415618896484,No
ee12f4cf-9fbe-4c2a-b3fb-7783a3d78355,Kurstraße 7,2025-07-07 01:00:00+02:00,14.55488888422648,No
ee12f4cf-9fbe-4c2a-b3fb-7783a3d78355,Kurstraße 7,2025-07-07 02:00:00+02:00,16.272964636484783,No
ee12f4cf-9fbe-4c2a-b3fb-7783a3d78355,Kurstraße 7,2025-07-07 03:00:00+02:00,17.947839101155598,No
ee12f4cf-9fbe-4c2a-b3fb-7783a3d78355,Kurstraße 7,2025-07-07 04:00:00+02:00,19.003254413604736,No
ee12f4cf-9fbe-4c2a-b3fb-7783a3d78355,Kurstraße 7,2025-07-07 05:00:00+02:00,22.54509671529134,No
ee12f4cf-9fbe-4c2a-b3fb-7783a3d78355,Kurstraße 7,2025-07-07 06:00:00+02:00,4.402909755706787,No
ee12f4cf-9fbe-4c2a-b3fb-7783a3d78355,Kurstraße 7,2025-07-07 07:00:00+02:00,16.285540739695232,No
ee12f4cf-9fbe-4c2a-b3fb-7783a3d78355,Kurstraße 7,2025-07-07 08:00:00+02:00,17.096490542093914,No
ee12f4cf-9fbe-4c2a-b3fb-7783a3d78355,Kurstraße 7,2025-07-07 09:00:00+02:00,8.717942873636881,No
ee12f4cf-9fbe-4c2a-b3fb-7783a3d78355,Kurstraße 7,2025-07-07 10:00:00+02:00,22.10684331258138,No
ee12f4cf-9fbe-4c2a-b3fb-7783a3d78355,Kurstraße 7,2025-07-07 11:00:00+02:00,21.34283669789632,No
ee12f4cf-9fbe-4c2a-b3fb-7783a3d78355,Kurstraße 7,2025-07-07 12:00:00+02:00,13.389617602030436,No
ee12f4cf-9fbe-4c2a-b3fb-7783a3d78355,Kurstraße 7,2025-07-07 13:00:00+02:00,29.13806978861491,No
ee12f4cf-9fbe-4c2a-b3fb-7783a3d78355,Kurstraße 7,2025-07-07 14:00:00+02:00,14.471999804178873,No
ee12f4cf-9fbe-4c2a-b3fb-7783a3d78355,Kurstraße 7,2025-07-07 15:00:00+02:00,21.719421704610188,No
ee12f4cf-9fbe-4c2a-b3fb-7783a3d78355,Kurstraße 7,2025-07-07 16:00:00+02:00,25.998445828755695,No
ee12f4cf-9fbe-4c2a-b3fb-7783a3d78355,Kurstraße 7,2025-07-07 17:00:00+02:00,56.270249684651695,Yes
ee12f4cf-9fbe-4c2a-b3fb-7783a3d78355,Kurstraße 7,2025-07-07 18:00:00+02:00,29.92943588892619,No
ee12f4cf-9fbe-4c2a-b3fb-7783a3d78355,Kurstraße 7,2025-07-07 19:00:00+02:00,8.431091785430908,No
ee12f4cf-9fbe-4c2a-b3fb-7783a3d78355,Kurstraße 7,2025-07-07 20:00:00+02:00,17.266825993855793,No
ee12f4cf-9fbe-4c2a-b3fb-7783a3d78355,Kurstraße 7,2025-07-07 21:00:00+02:00,27.18111801147461,No
ee12f4cf-9fbe-4c2a-b3fb-7783a3d78355,Kurstraße 7,2025-07-07 22:00:00+02:00,21.76847283045451,No
ee12f4cf-9fbe-4c2a-b3fb-7783a3d78355,Kurstraße 7,2025-07-07 23:00:00+02:00,25.997599919637043,No
ee12f4cf-9fbe-4c2a-b3fb-7783a3d78355,Kurstraße 7,2025-07-08 00:00:00+02:00,6.245109875996907,No
ee12f4cf-9fbe-4c2a-b3fb-7783a3d78355,Kurstraße 7,2025-07-08 01:00:00+02:00,16.243844827016193,No
ee12f4cf-9fbe-4c2a-b3fb-7783a3d78355,Kurstraße 7,2025-07-08 02:00:00+02:00,19.01724147796631,No
ee12f4cf-9fbe-4c2a-b3fb-7783a3d78355,Kurstraße 7,2025-07-08 03:00:00+02:00,20.899388949076336,No
ee12f4cf-9fbe-4c2a-b3fb-7783a3d78355,Kurstraße 7,2025-07-08 04:00:00+02:00,23.07466220855713,No
ee12f4cf-9fbe-4c2a-b3fb-7783a3d78355,Kurstraße 7,2025-07-08 05:00:00+02:00,21.36448605855306,No
ee12f4cf-9fbe-4c2a-b3fb-7783a3d78355,Kurstraße 7,2025-07-08 06:00:00+02:00,10.056520462036133,No
ee12f4cf-9fbe-4c2a-b3fb-7783a3d78355,Kurstraße 7,2025-07-08 07:00:00+02:00,7.85033639272054,No
ee12f4cf-9fbe-4c2a-b3fb-7783a3d78355,Kurstraße 7,2025-07-08 08:00:00+02:00,22.56815179189046,No
ee12f4cf-9fbe-4c2a-b3fb-7783a3d78355,Kurstraße 7,2025-07-08 09:00:00+02:00,4.901854832967122,No
ee12f4cf-9fbe-4c2a-b3fb-7783a3d78355,Kurstraße 7,2025-07-08 10:00:00+02:00,18.65300178527832,No
ee12f4cf-9fbe-4c2a-b3fb-7783a3d78355,Kurstraße 7,2025-07-08 11:00:00+02:00,20.96295166015625,No
ee12f4cf-9fbe-4c2a-b3fb-7783a3d78355,Kurstraße 7,2025-07-08 12:00:00+02:00,18.834211667378742,No
ee12f4cf-9fbe-4c2a-b3fb-7783a3d78355,Kurstraße 7,2025-07-08 13:00:00+02:00,13.870218594868978,No
ee12f4cf-9fbe-4c2a-b3fb-7783a3d78355,Kurstraße 7,2025-07-08 14:00:00+02:00,63.72871653238932,Yes
ee12f4cf-9fbe-4c2a-b3fb-7783a3d78355,Kurstraße 7,2025-07-08 15:00:00+02:00,82.4854367574056,Yes
ee12f4cf-9fbe-4c2a-b3fb-7783a3d78355,Kurstraße 7,2025-07-08 16:00:00+02:00,46.34332084655762,No
ee12f4cf-9fbe-4c2a-b3fb-7783a3d78355,Kurstraße 7,2025-07-08 17:00:00+02:00,33.96058432261149,No
ee12f4cf-9fbe-4c2a-b3fb-7783a3d78355,Kurstraße 7,2025-07-08 18:00:00+02:00,18.96353562672933,No
ee12f4cf-9fbe-4c2a-b3fb-7783a3d78355,Kurstraße 7,2025-07-08 19:00:00+02:00,5.442200342814128,No
ee12f4cf-9fbe-4c2a-b3fb-7783a3d78355,Kurstraße 7,2025-07-08 20:00:00+02:00,12.543296178181967,No
ee12f4cf-9fbe-4c2a-b3fb-7783a3d78355,Kurstraße 7,2025-07-08 21:00:00+02:00,4.995177745819092,No
ee12f4cf-9fbe-4c2a-b3fb-7783a3d78355,Kurstraße 7,2025-07-08 22:00:00+02:00,12.458601315816244,No
ee12f4cf-9fbe-4c2a-b3fb-7783a3d78355,Kurstraße 7,2025-07-08 23:00:00+02:00,17.327197710673016,No
ee12f4cf-9fbe-4c2a-b3fb-7783a3d78355,Kurstraße 7,2025-07-09 00:00:00+02:00,6.632885615030925,No
ee12f4cf-9fbe-4c2a-b3fb-7783a3d78355,Kurstraße 7,2025-07-09 01:00:00+02:00,12.647640864054361,No
ee12f4cf-9fbe-4c2a-b3fb-7783a3d78355,Kurstraße 7,2025-07-09 02:00:00+02:00,20.40225617090861,No
ee12f4cf-9fbe-4c2a-b3fb-7783a3d78355,Kurstraße 7,2025-07-09 03:00:00+02:00,20.412983735402424,No
ee12f4cf-9fbe-4c2a-b3fb-7783a3d78355,Kurstraße 7,2025-07-09 04:00:00+02:00,27.22778336207072,No
ee12f4cf-9fbe-4c2a-b3fb-7783a3d78355,Kurstraße 7,2025-07-09 05:00:00+02:00,25.32531197865804,No
ee12f4cf-9fbe-4c2a-b3fb-7783a3d78355,Kurstraße 7,2025-07-09 06:00:00+02:00,15.521677652994791,No
ee12f4cf-9fbe-4c2a-b3fb-7783a3d78355,Kurstraße 7,2025-07-09 07:00:00+02:00,22.009936650594074,No
ee12f4cf-9fbe-4c2a-b3fb-7783a3d78355,Kurstraße 7,2025-07-09 08:00:00+02:00,13.588251749674479,No
ee12f4cf-9fbe-4c2a-b3fb-7783a3d78355,Kurstraße 7,2025-07-09 09:00:00+02:00,15.539048194885254,No
ee12f4cf-9fbe-4c2a-b3fb-7783a3d78355,Kurstraße 7,2025-07-09 10:00:00+02:00,32.382338205973305,No
ee12f4cf-9fbe-4c2a-b3fb-7783a3d78355,Kurstraße 7,2025-07-09 11:00:00+02:00,3.178402900695801,No
ee12f4cf-9fbe-4c2a-b3fb-7783a3d78355,Kurstraße 7,2025-07-09 12:00:00+02:00,2.619567553202311,No
ee12f4cf-9fbe-4c2a-b3fb-7783a3d78355,Kurstraße 7,2025-07-09 13:00:00+02:00,13.911559104919434,No
ee12f4cf-9fbe-4c2a-b3fb-7783a3d78355,Kurstraße 7,2025-07-09 14:00:00+02:00,39.37265968322754,No
ee12f4cf-9fbe-4c2a-b3fb-7783a3d78355,Kurstraße 7,2025-07-09 15:00:00+02:00,11.913930257161459,No
ee12f4cf-9fbe-4c2a-b3fb-7783a3d78355,Kurstraße 7,2025-07-09 16:00:00+02:00,52.36934566497803,Yes
ee12f4cf-9fbe-4c2a-b3fb-7783a3d78355,Kurstraße 7,2025-07-09 17:00:00+02:00,64.4316504796346,Yes
ee12f4cf-9fbe-4c2a-b3fb-7783a3d78355,Kurstraße 7,2025-07-09 18:00:00+02:00,25.55270799001058,No
ee12f4cf-9fbe-4c2a-b3fb-7783a3d78355,Kurstraße 7,2025-07-09 19:00:00+02:00,11.818574905395508,No
ee12f4cf-9fbe-4c2a-b3fb-7783a3d78355,Kurstraße 7,2025-07-09 20:00:00+02:00,11.028959274291992,No
ee12f4cf-9fbe-4c2a-b3fb-7783a3d78355,Kurstraße 7,2025-07-09 21:00:00+02:00,6.562371889750163,No
ee12f4cf-9fbe-4c2a-b3fb-7783a3d78355,Kurstraße 7,2025-07-09 22:00:00+02:00,9.448541005452475,No
ee12f4cf-9fbe-4c2a-b3fb-7783a3d78355,Kurstraße 7,2025-07-09 23:00:00+02:00,24.76546573638916,No
ee12f4cf-9fbe-4c2a-b3fb-7783a3d78355,Kurstraße 7,2025-07-10 00:00:00+02:00,19.774186929066975,No
ee12f4cf-9fbe-4c2a-b3fb-7783a3d78355,Kurstraße 7,2025-07-10 01:00:00+02:00,16.918725808461506,No
ee12f4cf-9fbe-4c2a-b3fb-7783a3d78355,Kurstraße 7,2025-07-10 02:00:00+02:00,19.060987154642742,No
ee12f4cf-9fbe-4c2a-b3fb-7783a3d78355,Kurstraße 7,2025-07-10 03:00:00+02:00,24.412824153900146,No
ee12f4cf-9fbe-4c2a-b3fb-7783a3d78355,Kurstraße 7,2025-07-10 04:00:00+02:00,27.64339558283488,No
ee12f4cf-9fbe-4c2a-b3fb-7783a3d78355,Kurstraße 7,2025-07-10 05:00:00+02:00,25.528321743011475,No
ee12f4cf-9fbe-4c2a-b3fb-7783a3d78355,Kurstraße 7,2025-07-10 06:00:00+02:00,22.600284417470295,No
ee12f4cf-9fbe-4c2a-b3fb-7783a3d78355,Kurstraße 7,2025-07-10 07:00:00+02:00,8.71151844660441,No
ee12f4cf-9fbe-4c2a-b3fb-7783a3d78355,Kurstraße 7,2025-07-10 08:00:00+02:00,10.845479011535645,No
ee12f4cf-9fbe-4c2a-b3fb-7783a3d78355,Kurstraße 7,2025-07-10 09:00:00+02:00,17.00476582845052,No
ee12f4cf-9fbe-4c2a-b3fb-7783a3d78355,Kurstraße 7,2025-07-10 10:00:00+02:00,4.226022402445476,No
ee12f4cf-9fbe-4c2a-b3fb-7783a3d78355,Kurstraße 7,2025-07-10 11:00:00+02:00,9.194881439208984,No
ee12f4cf-9fbe-4c2a-b3fb-7783a3d78355,Kurstraße 7,2025-07-10 12:00:00+02:00,6.717122395833333,No
ee12f4cf-9fbe-4c2a-b3fb-7783a3d78355,Kurstraße 7,2025-07-10 13:00:00+02:00,27.694541295369465,No
ee12f4cf-9fbe-4c2a-b3fb-7783a3d78355,Kurstraße 7,2025-07-10 14:00:00+02:00,30.63874689737956,No
ee12f4cf-9fbe-4c2a-b3fb-7783a3d78355,Kurstraße 7,2025-07-10 15:00:00+02:00,39.43233744303385,No
ee12f4cf-9fbe-4c2a-b3fb-7783a3d78355,Kurstraße 7,2025-07-10 16:00:00+02:00,30.107730865478516,No
ee12f4cf-9fbe-4c2a-b3fb-7783a3d78355,Kurstraße 7,2025-07-10 17:00:00+02:00,49.75925890604655,Yes
ee12f4cf-9fbe-4c2a-b3fb-7783a3d78355,Kurstraße 7,2025-07-10 18:00:00+02:00,25.06678040822347,No
ee12f4cf-9fbe-4c2a-b3fb-7783a3d78355,Kurstraße 7,2025-07-10 19:00:00+02:00,21.015812238057453,No
ee12f4cf-9fbe-4c2a-b3fb-7783a3d78355,Kurstraße 7,2025-07-10 20:00:00+02:00,7.702240626017253,No
ee12f4cf-9fbe-4c2a-b3fb-7783a3d78355,Kurstraße 7,2025-07-10 21:00:00+02:00,25.020610809326172,No
ee12f4cf-9fbe-4c2a-b3fb-7783a3d78355,Kurstraße 7,2025-07-10 22:00:00+02:00,4.0485944747924805,No
ee12f4cf-9fbe-4c2a-b3fb-7783a3d78355,Kurstraße 7,2025-07-10 23:00:00+02:00,29.971272945404053,No
ee12f4cf-9fbe-4c2a-b3fb-7783a3d78355,Kurstraße 7,2025-07-11 00:00:00+02:00,22.644896984100342,No
ee12f4cf-9fbe-4c2a-b3fb-7783a3d78355,Kurstraße 7,2025-07-11 01:00:00+02:00,13.095841566721598,No
ee12f4cf-9fbe-4c2a-b3fb-7783a3d78355,Kurstraße 7,2025-07-11 02:00:00+02:00,20.827942212422688,No
ee12f4cf-9fbe-4c2a-b3fb-7783a3d78355,Kurstraße 7,2025-07-11 03:00:00+02:00,23.606255690256756,No
ee12f4cf-9fbe-4c2a-b3fb-7783a3d78355,Kurstraße 7,2025-07-11 04:00:00+02:00,19.983376026153564,No
ee12f4cf-9fbe-4c2a-b3fb-7783a3d78355,Kurstraße 7,2025-07-11 05:00:00+02:00,27.938453038533527,No
ee12f4cf-9fbe-4c2a-b3fb-7783a3d78355,Kurstraße 7,2025-07-11 06:00:00+02:00,19.516746679941814,No
ee12f4cf-9fbe-4c2a-b3fb-7783a3d78355,Kurstraße 7,2025-07-11 07:00:00+02:00,19.60184669494629,No
ee12f4cf-9fbe-4c2a-b3fb-7783a3d78355,Kurstraße 7,2025-07-11 08:00:00+02:00,15.601491292317709,No
ee12f4cf-9fbe-4c2a-b3fb-7783a3d78355,Kurstraße 7,2025-07-11 09:00:00+02:00,15.317715644836426,No
ee12f4cf-9fbe-4c2a-b3fb-7783a3d78355,Kurstraße 7,2025-07-11 10:00:00+02:00,44.79771296183268,No
ee12f4cf-9fbe-4c2a-b3fb-7783a3d78355,Kurstraße 7,2025-07-11 11:00:00+02:00,12.531028111775717,No
ee12f4cf-9fbe-4c2a-b3fb-7783a3d78355,Kurstraße 7,2025-07-11 12:00:00+02:00,24.121556599934895,No
ee12f4cf-9fbe-4c2a-b3fb-7783a3d78355,Kurstraße 7,2025-07-11 13:00:00+02:00,31.769389470418293,No
ee12f4cf-9fbe-4c2a-b3fb-7783a3d78355,Kurstraße 7,2025-07-11 14:00:00+02:00,31.966515858968098,No
ee12f4cf-9fbe-4c2a-b3fb-7783a3d78355,Kurstraße 7,2025-07-11 15:00:00+02:00,27.20730463663737,No
ee12f4cf-9fbe-4c2a-b3fb-7783a3d78355,Kurstraße 7,2025-07-11 16:00:00+02:00,77.59158643086751,Yes
ee12f4cf-9fbe-4c2a-b3fb-7783a3d78355,Kurstraße 7,2025-07-11 17:00:00+02:00,48.14519723256429,Yes
ee12f4cf-9fbe-4c2a-b3fb-7783a3d78355,Kurstraße 7,2025-07-11 18:00:00+02:00,76.87627506256104,Yes
ee12f4cf-9fbe-4c2a-b3fb-7783a3d78355,Kurstraße 7,2025-07-11 19:00:00+02:00,46.31881554921468,No
ee12f4cf-9fbe-4c2a-b3fb-7783a3d78355,Kurstraße 7,2025-07-11 20:00:00+02:00,16.82481066385905,No
ee12f4cf-9fbe-4c2a-b3fb-7783a3d78355,Kurstraße 7,2025-07-11 21:00:00+02:00,36.559842586517334,No
ee12f4cf-9fbe-4c2a-b3fb-7783a3d78355,Kurstraße 7,2025-07-11 22:00:00+02:00,39.438546339670815,No
ee12f4cf-9fbe-4c2a-b3fb-7783a3d78355,Kurstraße 7,2025-07-11 23:00:00+02:00,30.757057348887127,No
ee12f4cf-9fbe-4c2a-b3fb-7783a3d78355,Kurstraße 7,2025-07-12 00:00:00+02:00,5.843267917633057,No
ee12f4cf-9fbe-4c2a-b3fb-7783a3d78355,Kurstraße 7,2025-07-12 01:00:00+02:00,14.20354159673055,No
ee12f4cf-9fbe-4c2a-b3fb-7783a3d78355,Kurstraße 7,2025-07-12 02:00:00+02:00,21.41698932647705,No
ee12f4cf-9fbe-4c2a-b3fb-7783a3d78355,Kurstraße 7,2025-07-12 03:00:00+02:00,18.258519172668457,No
ee12f4cf-9fbe-4c2a-b3fb-7783a3d78355,Kurstraße 7,2025-07-12 04:00:00+02:00,24.60672918955485,No
ee12f4cf-9fbe-4c2a-b3fb-7783a3d78355,Kurstraße 7,2025-07-12 05:00:00+02:00,20.76949914296468,No
ee12f4cf-9fbe-4c2a-b3fb-7783a3d78355,Kurstraße 7,2025-07-12 06:00:00+02:00,10.766265710194906,No
ee12f4cf-9fbe-4c2a-b3fb-7783a3d78355,Kurstraße 7,2025-07-12 07:00:00+02:00,13.691284815470377,No
ee12f4cf-9fbe-4c2a-b3fb-7783a3d78355,Kurstraße 7,2025-07-12 08:00:00+02:00,11.40348513921102,No
ee12f4cf-9fbe-4c2a-b3fb-7783a3d78355,Kurstraße 7,2025-07-12 09:00:00+02:00,18.469470977783203,No
ee12f4cf-9fbe-4c2a-b3fb-7783a3d78355,Kurstraße 7,2025-07-12 10:00:00+02:00,115.30038197835286,Yes
ee12f4cf-9fbe-4c2a-b3fb-7783a3d78355,Kurstraße 7,2025-07-12 11:00:00+02:00,39.15117327372233,No
ee12f4cf-9fbe-4c2a-b3fb-7783a3d78355,Kurstraße 7,2025-07-12 12:00:00+02:00,13.489829381306967,No
ee12f4cf-9fbe-4c2a-b3fb-7783a3d78355,Kurstraße 7,2025-07-12 13:00:00+02:00,17.318283081054688,No
ee12f4cf-9fbe-4c2a-b3fb-7783a3d78355,Kurstraße 7,2025-07-12 14:00:00+02:00,42.39038276672363,No
ee12f4cf-9fbe-4c2a-b3fb-7783a3d78355,Kurstraße 7,2025-07-12 15:00:00+02:00,14.075391133626303,No
ee12f4cf-9fbe-4c2a-b3fb-7783a3d78355,Kurstraße 7,2025-07-12 16:00:00+02:00,46.407510121663414,No
ee12f4cf-9fbe-4c2a-b3fb-7783a3d78355,Kurstraße 7,2025-07-12 17:00:00+02:00,16.88948631286621,No
ee12f4cf-9fbe-4c2a-b3fb-7783a3d78355,Kurstraße 7,2025-07-12 18:00:00+02:00,21.781575520833332,No
ee12f4cf-9fbe-4c2a-b3fb-7783a3d78355,Kurstraße 7,2025-07-12 19:00:00+02:00,27.96670436859131,No
ee12f4cf-9fbe-4c2a-b3fb-7783a3d78355,Kurstraße 7,2025-07-12 20:00:00+02:00,11.718883514404297,No
ee12f4cf-9fbe-4c2a-b3fb-7783a3d78355,Kurstraße 7,2025-07-12 21:00:00+02:00,11.873008092244467,No
ee12f4cf-9fbe-4c2a-b3fb-7783a3d78355,Kurstraße 7,2025-07-12 22:00:00+02:00,12.71108897527059,No
ee12f4cf-9fbe-4c2a-b3fb-7783a3d78355,Kurstraße 7,2025-07-12 23:00:00+02:00,21.285330931345623,No
ee12f4cf-9fbe-4c2a-b3fb-7783a3d78355,Kurstraße 7,2025-07-13 00:00:00+02:00,5.708357652028401,No
ee12f4cf-9fbe-4c2a-b3fb-7783a3d78355,Kurstraße 7,2025-07-13 01:00:00+02:00,16.46920680999756,No
ee12f4cf-9fbe-4c2a-b3fb-7783a3d78355,Kurstraße 7,2025-07-13 02:00:00+02:00,16.680540879567463,No
ee12f4cf-9fbe-4c2a-b3fb-7783a3d78355,Kurstraße 7,2025-07-13 03:00:00+02:00,16.42689497574516,No
ee12f4cf-9fbe-4c2a-b3fb-7783a3d78355,Kurstraße 7,2025-07-13 04:00:00+02:00,16.07889764959162,No
ee12f4cf-9fbe-4c2a-b3fb-7783a3d78355,Kurstraße 7,2025-07-13 05:00:00+02:00,19.443311418805802,No
ee12f4cf-9fbe-4c2a-b3fb-7783a3d78355,Kurstraße 7,2025-07-13 06:00:00+02:00,22.76997814178467,No
ee12f4cf-9fbe-4c2a-b3fb-7783a3d78355,Kurstraße 7,2025-07-13 07:00:00+02:00,29.481141140586452,No
ee12f4cf-9fbe-4c2a-b3fb-7783a3d78355,Kurstraße 7,2025-07-13 08:00:00+02:00,26.70720714992947,No
ee12f4cf-9fbe-4c2a-b3fb-7783a3d78355,Kurstraße 7,2025-07-13 09:00:00+02:00,31.99815548167509,No
ee12f4cf-9fbe-4c2a-b3fb-7783a3d78355,Kurstraße 7,2025-07-13 10:00:00+02:00,10.840132713317871,No
ee12f4cf-9fbe-4c2a-b3fb-7783a3d78355,Kurstraße 7,2025-07-13 11:00:00+02:00,11.361140950520833,No
ee12f4cf-9fbe-4c2a-b3fb-7783a3d78355,Kurstraße 7,2025-07-13 12:00:00+02:00,18.508753095354354,No
ee12f4cf-9fbe-4c2a-b3fb-7783a3d78355,Kurstraße 7,2025-07-13 13:00:00+02:00,57.070751483623795,Yes
ee12f4cf-9fbe-4c2a-b3fb-7783a3d78355,Kurstraße 7,2025-07-13 14:00:00+02:00,27.135536193847656,No
ee12f4cf-9fbe-4c2a-b3fb-7783a3d78355,Kurstraße 7,2025-07-13 15:00:00+02:00,64.2158133766868,Yes
ee12f4cf-9fbe-4c2a-b3fb-7783a3d78355,Kurstraße 7,2025-07-13 16:00:00+02:00,9.140525817871094,No
ee12f4cf-9fbe-4c2a-b3fb-7783a3d78355,Kurstraße 7,2025-07-13 17:00:00+02:00,15.430953131781685,No
ee12f4cf-9fbe-4c2a-b3fb-7783a3d78355,Kurstraße 7,2025-07-13 18:00:00+02:00,6.16994571685791,No
ee12f4cf-9fbe-4c2a-b3fb-7783a3d78355,Kurstraße 7,2025-07-13 19:00:00+02:00,12.50725337437221,No
ee12f4cf-9fbe-4c2a-b3fb-7783a3d78355,Kurstraße 7,2025-07-13 20:00:00+02:00,6.2671559651692705,No
ee12f4cf-9fbe-4c2a-b3fb-7783a3d78355,Kurstraße 7,2025-07-13 21:00:00+02:00,4.045174407958984,No
ee12f4cf-9fbe-4c2a-b3fb-7783a3d78355,Kurstraße 7,2025-07-13 22:00:00+02:00,8.623907089233398,No
ee12f4cf-9fbe-4c2a-b3fb-7783a3d78355,Kurstraße 7,2025-07-13 23:00:00+02:00,14.554491678873697,No
ee12f4cf-9fbe-4c2a-b3fb-7783a3d78355,Kurstraße 7,2025-07-14 00:00:00+02:00,15.567665100097656,No
ee12f4cf-9fbe-4c2a-b3fb-7783a3d78355,Kurstraße 7,2025-07-14 01:00:00+02:00,14.274158477783203,No
