,SID,location,timestamp,point_error,anomaly
9045,fdf97c35-96ee-44ef-8d7f-f8c48f9b4eb8,Parkstraße 24,2025-06-30 01:00:00,0.001773018398584179,No
9046,fdf97c35-96ee-44ef-8d7f-f8c48f9b4eb8,Parkstraße 24,2025-06-30 02:00:00,0.02055906784311641,No
9047,fdf97c35-96ee-44ef-8d7f-f8c48f9b4eb8,Parkstraße 24,2025-06-30 03:00:00,0.0031010459442094465,No
9048,fdf97c35-96ee-44ef-8d7f-f8c48f9b4eb8,Parkstraße 24,2025-06-30 04:00:00,0.00609726245548963,No
9049,fdf97c35-96ee-44ef-8d7f-f8c48f9b4eb8,Parkstraße 24,2025-06-30 05:00:00,0.10071087563186856,No
9050,fdf97c35-96ee-44ef-8d7f-f8c48f9b4eb8,Parkstraße 24,2025-06-30 06:00:00,0.05557498560546209,No
9051,fdf97c35-96ee-44ef-8d7f-f8c48f9b4eb8,Parkstraße 24,2025-06-30 07:00:00,0.02198227728819555,No
9052,fdf97c35-96ee-44ef-8d7f-f8c48f9b4eb8,Parkstraße 24,2025-06-30 08:00:00,0.6203457154106813,No
9053,fdf97c35-96ee-44ef-8d7f-f8c48f9b4eb8,Parkstraße 24,2025-06-30 09:00:00,0.07779957004383578,No
9054,fdf97c35-96ee-44ef-8d7f-f8c48f9b4eb8,Parkstraße 24,2025-06-30 10:00:00,0.14903696117534188,No
9055,fdf97c35-96ee-44ef-8d7f-f8c48f9b4eb8,Parkstraße 24,2025-06-30 11:00:00,0.04143770668507133,No
9056,fdf97c35-96ee-44ef-8d7f-f8c48f9b4eb8,Parkstraße 24,2025-06-30 12:00:00,0.10922427457076252,No
9057,fdf97c35-96ee-44ef-8d7f-f8c48f9b4eb8,Parkstraße 24,2025-06-30 13:00:00,0.21268128470498218,No
9058,fdf97c35-96ee-44ef-8d7f-f8c48f9b4eb8,Parkstraße 24,2025-06-30 14:00:00,0.3282367992659327,No
9059,fdf97c35-96ee-44ef-8d7f-f8c48f9b4eb8,Parkstraße 24,2025-06-30 15:00:00,0.2666772411631537,No
9060,fdf97c35-96ee-44ef-8d7f-f8c48f9b4eb8,Parkstraße 24,2025-06-30 16:00:00,0.17127660757000002,No
9061,fdf97c35-96ee-44ef-8d7f-f8c48f9b4eb8,Parkstraße 24,2025-06-30 17:00:00,0.11169094926452795,No
9062,fdf97c35-96ee-44ef-8d7f-f8c48f9b4eb8,Parkstraße 24,2025-06-30 18:00:00,0.0776901922854781,No
9063,fdf97c35-96ee-44ef-8d7f-f8c48f9b4eb8,Parkstraße 24,2025-06-30 19:00:00,0.03787377525372427,No
9064,fdf97c35-96ee-44ef-8d7f-f8c48f9b4eb8,Parkstraße 24,2025-06-30 20:00:00,0.012260393554527934,No
9065,fdf97c35-96ee-44ef-8d7f-f8c48f9b4eb8,Parkstraße 24,2025-06-30 21:00:00,0.008699585644532352,No
9066,fdf97c35-96ee-44ef-8d7f-f8c48f9b4eb8,Parkstraße 24,2025-06-30 22:00:00,0.0373661786841517,No
9067,fdf97c35-96ee-44ef-8d7f-f8c48f9b4eb8,Parkstraße 24,2025-06-30 23:00:00,0.002010413440152824,No
9068,fdf97c35-96ee-44ef-8d7f-f8c48f9b4eb8,Parkstraße 24,2025-07-01 00:00:00,0.001008916513062879,No
9069,fdf97c35-96ee-44ef-8d7f-f8c48f9b4eb8,Parkstraße 24,2025-07-01 01:00:00,0.0025325699714219756,No
9070,fdf97c35-96ee-44ef-8d7f-f8c48f9b4eb8,Parkstraße 24,2025-07-01 02:00:00,0.0016483921238642206,No
9071,fdf97c35-96ee-44ef-8d7f-f8c48f9b4eb8,Parkstraße 24,2025-07-01 03:00:00,0.01275768226326205,No
9072,fdf97c35-96ee-44ef-8d7f-f8c48f9b4eb8,Parkstraße 24,2025-07-01 04:00:00,0.013985994086012284,No
9073,fdf97c35-96ee-44ef-8d7f-f8c48f9b4eb8,Parkstraße 24,2025-07-01 05:00:00,0.05672815262446033,No
9074,fdf97c35-96ee-44ef-8d7f-f8c48f9b4eb8,Parkstraße 24,2025-07-01 06:00:00,0.17216998923696292,No
9075,fdf97c35-96ee-44ef-8d7f-f8c48f9b4eb8,Parkstraße 24,2025-07-01 07:00:00,0.028699751050487627,No
9076,fdf97c35-96ee-44ef-8d7f-f8c48f9b4eb8,Parkstraße 24,2025-07-01 08:00:00,0.0225677365586745,No
9077,fdf97c35-96ee-44ef-8d7f-f8c48f9b4eb8,Parkstraße 24,2025-07-01 09:00:00,0.19099143278553155,No
9078,fdf97c35-96ee-44ef-8d7f-f8c48f9b4eb8,Parkstraße 24,2025-07-01 10:00:00,0.41813054918638254,No
9079,fdf97c35-96ee-44ef-8d7f-f8c48f9b4eb8,Parkstraße 24,2025-07-01 11:00:00,0.014862178688103696,No
9080,fdf97c35-96ee-44ef-8d7f-f8c48f9b4eb8,Parkstraße 24,2025-07-01 12:00:00,0.021083084294282545,No
9081,fdf97c35-96ee-44ef-8d7f-f8c48f9b4eb8,Parkstraße 24,2025-07-01 13:00:00,0.3739749692835484,No
9082,fdf97c35-96ee-44ef-8d7f-f8c48f9b4eb8,Parkstraße 24,2025-07-01 14:00:00,0.3674312678798315,No
9083,fdf97c35-96ee-44ef-8d7f-f8c48f9b4eb8,Parkstraße 24,2025-07-01 15:00:00,0.27663071053199023,No
9084,fdf97c35-96ee-44ef-8d7f-f8c48f9b4eb8,Parkstraße 24,2025-07-01 16:00:00,0.19697564218652697,No
9085,fdf97c35-96ee-44ef-8d7f-f8c48f9b4eb8,Parkstraße 24,2025-07-01 17:00:00,0.1416290457509446,No
9086,fdf97c35-96ee-44ef-8d7f-f8c48f9b4eb8,Parkstraße 24,2025-07-01 18:00:00,0.07283152317500625,No
9087,fdf97c35-96ee-44ef-8d7f-f8c48f9b4eb8,Parkstraße 24,2025-07-01 19:00:00,0.025775908163466307,No
9088,fdf97c35-96ee-44ef-8d7f-f8c48f9b4eb8,Parkstraße 24,2025-07-01 20:00:00,0.001575531408117833,No
9089,fdf97c35-96ee-44ef-8d7f-f8c48f9b4eb8,Parkstraße 24,2025-07-01 21:00:00,0.010616814529113403,No
9090,fdf97c35-96ee-44ef-8d7f-f8c48f9b4eb8,Parkstraße 24,2025-07-01 22:00:00,0.026008835173977007,No
9091,fdf97c35-96ee-44ef-8d7f-f8c48f9b4eb8,Parkstraße 24,2025-07-01 23:00:00,0.0068013632961018465,No
9092,fdf97c35-96ee-44ef-8d7f-f8c48f9b4eb8,Parkstraße 24,2025-07-02 00:00:00,0.0019934406293942324,No
9093,fdf97c35-96ee-44ef-8d7f-f8c48f9b4eb8,Parkstraße 24,2025-07-02 01:00:00,0.011495762526177407,No
9094,fdf97c35-96ee-44ef-8d7f-f8c48f9b4eb8,Parkstraße 24,2025-07-02 02:00:00,0.010809105075205272,No
9095,fdf97c35-96ee-44ef-8d7f-f8c48f9b4eb8,Parkstraße 24,2025-07-02 03:00:00,0.01231128760598383,No
9096,fdf97c35-96ee-44ef-8d7f-f8c48f9b4eb8,Parkstraße 24,2025-07-02 04:00:00,0.004388440247490302,No
9097,fdf97c35-96ee-44ef-8d7f-f8c48f9b4eb8,Parkstraße 24,2025-07-02 05:00:00,0.011420975793180453,No
9098,fdf97c35-96ee-44ef-8d7f-f8c48f9b4eb8,Parkstraße 24,2025-07-02 06:00:00,0.21026053317679205,No
9099,fdf97c35-96ee-44ef-8d7f-f8c48f9b4eb8,Parkstraße 24,2025-07-02 07:00:00,0.08927290881431404,No
9100,fdf97c35-96ee-44ef-8d7f-f8c48f9b4eb8,Parkstraße 24,2025-07-02 08:00:00,0.276264218887956,No
9101,fdf97c35-96ee-44ef-8d7f-f8c48f9b4eb8,Parkstraße 24,2025-07-02 09:00:00,0.2597410793051892,No
9102,fdf97c35-96ee-44ef-8d7f-f8c48f9b4eb8,Parkstraße 24,2025-07-02 10:00:00,0.27875254844074554,No
9103,fdf97c35-96ee-44ef-8d7f-f8c48f9b4eb8,Parkstraße 24,2025-07-02 11:00:00,0.1175267179186114,No
9104,fdf97c35-96ee-44ef-8d7f-f8c48f9b4eb8,Parkstraße 24,2025-07-02 12:00:00,0.0052263243687790525,No
9105,fdf97c35-96ee-44ef-8d7f-f8c48f9b4eb8,Parkstraße 24,2025-07-02 13:00:00,0.174548117817786,No
9106,fdf97c35-96ee-44ef-8d7f-f8c48f9b4eb8,Parkstraße 24,2025-07-02 14:00:00,0.15696406859207052,No
9107,fdf97c35-96ee-44ef-8d7f-f8c48f9b4eb8,Parkstraße 24,2025-07-02 15:00:00,0.11595858533289653,No
9108,fdf97c35-96ee-44ef-8d7f-f8c48f9b4eb8,Parkstraße 24,2025-07-02 16:00:00,0.10984416596726639,No
9109,fdf97c35-96ee-44ef-8d7f-f8c48f9b4eb8,Parkstraße 24,2025-07-02 17:00:00,0.04629719612255236,No
9110,fdf97c35-96ee-44ef-8d7f-f8c48f9b4eb8,Parkstraße 24,2025-07-02 18:00:00,0.0353541901739771,No
9111,fdf97c35-96ee-44ef-8d7f-f8c48f9b4eb8,Parkstraße 24,2025-07-02 19:00:00,0.005892527866460659,No
9112,fdf97c35-96ee-44ef-8d7f-f8c48f9b4eb8,Parkstraße 24,2025-07-02 20:00:00,0.046699502467061615,No
9113,fdf97c35-96ee-44ef-8d7f-f8c48f9b4eb8,Parkstraße 24,2025-07-02 21:00:00,0.0008363634478972178,No
9114,fdf97c35-96ee-44ef-8d7f-f8c48f9b4eb8,Parkstraße 24,2025-07-02 22:00:00,0.0034439703776377346,No
9115,fdf97c35-96ee-44ef-8d7f-f8c48f9b4eb8,Parkstraße 24,2025-07-02 23:00:00,0.0034431915139781846,No
9116,fdf97c35-96ee-44ef-8d7f-f8c48f9b4eb8,Parkstraße 24,2025-07-03 00:00:00,0.001158440116450311,No
9117,fdf97c35-96ee-44ef-8d7f-f8c48f9b4eb8,Parkstraße 24,2025-07-03 01:00:00,0.0013416512476571677,No
9118,fdf97c35-96ee-44ef-8d7f-f8c48f9b4eb8,Parkstraße 24,2025-07-03 02:00:00,0.0013101387099771645,No
9119,fdf97c35-96ee-44ef-8d7f-f8c48f9b4eb8,Parkstraße 24,2025-07-03 03:00:00,0.0020677776942887387,No
9120,fdf97c35-96ee-44ef-8d7f-f8c48f9b4eb8,Parkstraße 24,2025-07-03 04:00:00,0.003727499068395533,No
9121,fdf97c35-96ee-44ef-8d7f-f8c48f9b4eb8,Parkstraße 24,2025-07-03 05:00:00,0.07350568459378604,No
9122,fdf97c35-96ee-44ef-8d7f-f8c48f9b4eb8,Parkstraße 24,2025-07-03 06:00:00,0.027354975829749235,No
9123,fdf97c35-96ee-44ef-8d7f-f8c48f9b4eb8,Parkstraße 24,2025-07-03 07:00:00,0.04820792020446187,No
9124,fdf97c35-96ee-44ef-8d7f-f8c48f9b4eb8,Parkstraße 24,2025-07-03 08:00:00,0.16666277726263154,No
9125,fdf97c35-96ee-44ef-8d7f-f8c48f9b4eb8,Parkstraße 24,2025-07-03 09:00:00,0.2027115557377802,No
9126,fdf97c35-96ee-44ef-8d7f-f8c48f9b4eb8,Parkstraße 24,2025-07-03 10:00:00,0.040542793358357206,No
9127,fdf97c35-96ee-44ef-8d7f-f8c48f9b4eb8,Parkstraße 24,2025-07-03 11:00:00,0.13758902776243093,No
9128,fdf97c35-96ee-44ef-8d7f-f8c48f9b4eb8,Parkstraße 24,2025-07-03 12:00:00,0.06290077490992545,No
9129,fdf97c35-96ee-44ef-8d7f-f8c48f9b4eb8,Parkstraße 24,2025-07-03 13:00:00,0.30492767445415253,No
9130,fdf97c35-96ee-44ef-8d7f-f8c48f9b4eb8,Parkstraße 24,2025-07-03 14:00:00,0.32856039651125973,No
9131,fdf97c35-96ee-44ef-8d7f-f8c48f9b4eb8,Parkstraße 24,2025-07-03 15:00:00,0.3916635613379271,No
9132,fdf97c35-96ee-44ef-8d7f-f8c48f9b4eb8,Parkstraße 24,2025-07-03 16:00:00,0.16562159864297746,No
9133,fdf97c35-96ee-44ef-8d7f-f8c48f9b4eb8,Parkstraße 24,2025-07-03 17:00:00,0.11899500258154179,No
9134,fdf97c35-96ee-44ef-8d7f-f8c48f9b4eb8,Parkstraße 24,2025-07-03 18:00:00,0.04655370744782536,No
9135,fdf97c35-96ee-44ef-8d7f-f8c48f9b4eb8,Parkstraße 24,2025-07-03 19:00:00,0.023621936134899924,No
9136,fdf97c35-96ee-44ef-8d7f-f8c48f9b4eb8,Parkstraße 24,2025-07-03 20:00:00,0.05139916146319922,No
9137,fdf97c35-96ee-44ef-8d7f-f8c48f9b4eb8,Parkstraße 24,2025-07-03 21:00:00,0.0007542590922585067,No
9138,fdf97c35-96ee-44ef-8d7f-f8c48f9b4eb8,Parkstraße 24,2025-07-03 22:00:00,0.008316506379994704,No
9139,fdf97c35-96ee-44ef-8d7f-f8c48f9b4eb8,Parkstraße 24,2025-07-03 23:00:00,0.02777620423282662,No
9140,fdf97c35-96ee-44ef-8d7f-f8c48f9b4eb8,Parkstraße 24,2025-07-04 00:00:00,0.0021205775017118958,No
9141,fdf97c35-96ee-44ef-8d7f-f8c48f9b4eb8,Parkstraße 24,2025-07-04 01:00:00,0.003014845873865799,No
9142,fdf97c35-96ee-44ef-8d7f-f8c48f9b4eb8,Parkstraße 24,2025-07-04 02:00:00,0.001225824646043488,No
9143,fdf97c35-96ee-44ef-8d7f-f8c48f9b4eb8,Parkstraße 24,2025-07-04 03:00:00,0.014119255599999625,No
9144,fdf97c35-96ee-44ef-8d7f-f8c48f9b4eb8,Parkstraße 24,2025-07-04 04:00:00,0.003390222115501744,No
9145,fdf97c35-96ee-44ef-8d7f-f8c48f9b4eb8,Parkstraße 24,2025-07-04 05:00:00,0.08171213117571967,No
9146,fdf97c35-96ee-44ef-8d7f-f8c48f9b4eb8,Parkstraße 24,2025-07-04 06:00:00,0.3299612842671753,No
9147,fdf97c35-96ee-44ef-8d7f-f8c48f9b4eb8,Parkstraße 24,2025-07-04 07:00:00,0.11293524159408856,No
9148,fdf97c35-96ee-44ef-8d7f-f8c48f9b4eb8,Parkstraße 24,2025-07-04 08:00:00,0.20376045383938857,No
9149,fdf97c35-96ee-44ef-8d7f-f8c48f9b4eb8,Parkstraße 24,2025-07-04 09:00:00,0.21242412684709855,No
9150,fdf97c35-96ee-44ef-8d7f-f8c48f9b4eb8,Parkstraße 24,2025-07-04 10:00:00,0.04228865909288392,No
9151,fdf97c35-96ee-44ef-8d7f-f8c48f9b4eb8,Parkstraße 24,2025-07-04 11:00:00,0.06077974609080603,No
9152,fdf97c35-96ee-44ef-8d7f-f8c48f9b4eb8,Parkstraße 24,2025-07-04 12:00:00,0.39049548447084664,No
9153,fdf97c35-96ee-44ef-8d7f-f8c48f9b4eb8,Parkstraße 24,2025-07-04 13:00:00,0.3316795371522356,No
9154,fdf97c35-96ee-44ef-8d7f-f8c48f9b4eb8,Parkstraße 24,2025-07-04 14:00:00,0.450056874075776,No
9155,fdf97c35-96ee-44ef-8d7f-f8c48f9b4eb8,Parkstraße 24,2025-07-04 15:00:00,0.2908369844059146,No
9156,fdf97c35-96ee-44ef-8d7f-f8c48f9b4eb8,Parkstraße 24,2025-07-04 16:00:00,0.3204329393876783,No
9157,fdf97c35-96ee-44ef-8d7f-f8c48f9b4eb8,Parkstraße 24,2025-07-04 17:00:00,0.11234663072737623,No
9158,fdf97c35-96ee-44ef-8d7f-f8c48f9b4eb8,Parkstraße 24,2025-07-04 18:00:00,0.050529206647334256,No
9159,fdf97c35-96ee-44ef-8d7f-f8c48f9b4eb8,Parkstraße 24,2025-07-04 19:00:00,0.011090101411198303,No
9160,fdf97c35-96ee-44ef-8d7f-f8c48f9b4eb8,Parkstraße 24,2025-07-04 20:00:00,0.1555281949702512,No
9161,fdf97c35-96ee-44ef-8d7f-f8c48f9b4eb8,Parkstraße 24,2025-07-04 21:00:00,0.0011009555011364444,No
9162,fdf97c35-96ee-44ef-8d7f-f8c48f9b4eb8,Parkstraße 24,2025-07-04 22:00:00,0.10593432519586804,No
9163,fdf97c35-96ee-44ef-8d7f-f8c48f9b4eb8,Parkstraße 24,2025-07-04 23:00:00,0.0029743560419935957,No
9164,fdf97c35-96ee-44ef-8d7f-f8c48f9b4eb8,Parkstraße 24,2025-07-05 00:00:00,0.002572008080586188,No
9165,fdf97c35-96ee-44ef-8d7f-f8c48f9b4eb8,Parkstraße 24,2025-07-05 01:00:00,0.006986950637224228,No
9166,fdf97c35-96ee-44ef-8d7f-f8c48f9b4eb8,Parkstraße 24,2025-07-05 02:00:00,0.005420228764269973,No
9167,fdf97c35-96ee-44ef-8d7f-f8c48f9b4eb8,Parkstraße 24,2025-07-05 03:00:00,0.003587693735528143,No
9168,fdf97c35-96ee-44ef-8d7f-f8c48f9b4eb8,Parkstraße 24,2025-07-05 04:00:00,0.012497016751034573,No
9169,fdf97c35-96ee-44ef-8d7f-f8c48f9b4eb8,Parkstraße 24,2025-07-05 05:00:00,0.025893242862359694,No
9170,fdf97c35-96ee-44ef-8d7f-f8c48f9b4eb8,Parkstraße 24,2025-07-05 06:00:00,0.03616313016102833,No
9171,fdf97c35-96ee-44ef-8d7f-f8c48f9b4eb8,Parkstraße 24,2025-07-05 07:00:00,0.09570287152190837,No
9172,fdf97c35-96ee-44ef-8d7f-f8c48f9b4eb8,Parkstraße 24,2025-07-05 08:00:00,0.1411768598077885,No
9173,fdf97c35-96ee-44ef-8d7f-f8c48f9b4eb8,Parkstraße 24,2025-07-05 09:00:00,0.0407564078812511,No
9174,fdf97c35-96ee-44ef-8d7f-f8c48f9b4eb8,Parkstraße 24,2025-07-05 10:00:00,0.8960932762616792,Yes
9175,fdf97c35-96ee-44ef-8d7f-f8c48f9b4eb8,Parkstraße 24,2025-07-05 11:00:00,0.14110840787350235,No
9176,fdf97c35-96ee-44ef-8d7f-f8c48f9b4eb8,Parkstraße 24,2025-07-05 12:00:00,0.1610425999026023,No
9177,fdf97c35-96ee-44ef-8d7f-f8c48f9b4eb8,Parkstraße 24,2025-07-05 13:00:00,0.5919860274841174,No
9178,fdf97c35-96ee-44ef-8d7f-f8c48f9b4eb8,Parkstraße 24,2025-07-05 14:00:00,0.5032655373738806,No
9179,fdf97c35-96ee-44ef-8d7f-f8c48f9b4eb8,Parkstraße 24,2025-07-05 15:00:00,0.2569563345218653,No
9180,fdf97c35-96ee-44ef-8d7f-f8c48f9b4eb8,Parkstraße 24,2025-07-05 16:00:00,0.26994747787476475,No
9181,fdf97c35-96ee-44ef-8d7f-f8c48f9b4eb8,Parkstraße 24,2025-07-05 17:00:00,0.07379164660261837,No
9182,fdf97c35-96ee-44ef-8d7f-f8c48f9b4eb8,Parkstraße 24,2025-07-05 18:00:00,0.026633310881968828,No
9183,fdf97c35-96ee-44ef-8d7f-f8c48f9b4eb8,Parkstraße 24,2025-07-05 19:00:00,0.0014790365695164464,No
9184,fdf97c35-96ee-44ef-8d7f-f8c48f9b4eb8,Parkstraße 24,2025-07-05 20:00:00,0.01570806145224053,No
9185,fdf97c35-96ee-44ef-8d7f-f8c48f9b4eb8,Parkstraße 24,2025-07-05 21:00:00,0.0009296929496363884,No
9186,fdf97c35-96ee-44ef-8d7f-f8c48f9b4eb8,Parkstraße 24,2025-07-05 22:00:00,0.08453746933916521,No
9187,fdf97c35-96ee-44ef-8d7f-f8c48f9b4eb8,Parkstraße 24,2025-07-05 23:00:00,0.020336102663511286,No
9188,fdf97c35-96ee-44ef-8d7f-f8c48f9b4eb8,Parkstraße 24,2025-07-06 00:00:00,0.0034617484260782306,No
9189,fdf97c35-96ee-44ef-8d7f-f8c48f9b4eb8,Parkstraße 24,2025-07-06 01:00:00,0.003436661332159491,No
9190,fdf97c35-96ee-44ef-8d7f-f8c48f9b4eb8,Parkstraße 24,2025-07-06 02:00:00,0.004521691647112984,No
9191,fdf97c35-96ee-44ef-8d7f-f8c48f9b4eb8,Parkstraße 24,2025-07-06 03:00:00,0.0025974343055752227,No
9192,fdf97c35-96ee-44ef-8d7f-f8c48f9b4eb8,Parkstraße 24,2025-07-06 04:00:00,0.010252781545500725,No
9193,fdf97c35-96ee-44ef-8d7f-f8c48f9b4eb8,Parkstraße 24,2025-07-06 05:00:00,0.004628019737993506,No
9194,fdf97c35-96ee-44ef-8d7f-f8c48f9b4eb8,Parkstraße 24,2025-07-06 06:00:00,0.04291381624688797,No
9195,fdf97c35-96ee-44ef-8d7f-f8c48f9b4eb8,Parkstraße 24,2025-07-06 07:00:00,0.06091618241061059,No
9196,fdf97c35-96ee-44ef-8d7f-f8c48f9b4eb8,Parkstraße 24,2025-07-06 08:00:00,0.00799961180935583,No
9197,fdf97c35-96ee-44ef-8d7f-f8c48f9b4eb8,Parkstraße 24,2025-07-06 09:00:00,0.19008409011108274,No
9198,fdf97c35-96ee-44ef-8d7f-f8c48f9b4eb8,Parkstraße 24,2025-07-06 10:00:00,0.018377258539052223,No
9199,fdf97c35-96ee-44ef-8d7f-f8c48f9b4eb8,Parkstraße 24,2025-07-06 11:00:00,0.035601164427167646,No
9200,fdf97c35-96ee-44ef-8d7f-f8c48f9b4eb8,Parkstraße 24,2025-07-06 12:00:00,0.5373584663292301,No
9201,fdf97c35-96ee-44ef-8d7f-f8c48f9b4eb8,Parkstraße 24,2025-07-06 13:00:00,0.6688388336959078,No
9202,fdf97c35-96ee-44ef-8d7f-f8c48f9b4eb8,Parkstraße 24,2025-07-06 14:00:00,0.40857166581230264,No
9203,fdf97c35-96ee-44ef-8d7f-f8c48f9b4eb8,Parkstraße 24,2025-07-06 15:00:00,0.19782050797019413,No
9204,fdf97c35-96ee-44ef-8d7f-f8c48f9b4eb8,Parkstraße 24,2025-07-06 16:00:00,0.09569473595173424,No
9205,fdf97c35-96ee-44ef-8d7f-f8c48f9b4eb8,Parkstraße 24,2025-07-06 17:00:00,0.057071636093978785,No
9206,fdf97c35-96ee-44ef-8d7f-f8c48f9b4eb8,Parkstraße 24,2025-07-06 18:00:00,0.03449650128966964,No
9207,fdf97c35-96ee-44ef-8d7f-f8c48f9b4eb8,Parkstraße 24,2025-07-06 19:00:00,0.002526208997923896,No
9208,fdf97c35-96ee-44ef-8d7f-f8c48f9b4eb8,Parkstraße 24,2025-07-06 20:00:00,0.029038797605752963,No
9209,fdf97c35-96ee-44ef-8d7f-f8c48f9b4eb8,Parkstraße 24,2025-07-06 21:00:00,0.0014347334470487519,No
9210,fdf97c35-96ee-44ef-8d7f-f8c48f9b4eb8,Parkstraße 24,2025-07-06 22:00:00,0.000889487275242077,No
9211,fdf97c35-96ee-44ef-8d7f-f8c48f9b4eb8,Parkstraße 24,2025-07-06 23:00:00,0.0040621668634922715,No
9212,fdf97c35-96ee-44ef-8d7f-f8c48f9b4eb8,Parkstraße 24,2025-07-07 00:00:00,0.001585239214931492,No
9213,fdf97c35-96ee-44ef-8d7f-f8c48f9b4eb8,Parkstraße 24,2025-07-07 01:00:00,0.0024337475353430516,No
9214,fdf97c35-96ee-44ef-8d7f-f8c48f9b4eb8,Parkstraße 24,2025-07-07 02:00:00,0.005135901685687974,No
9215,fdf97c35-96ee-44ef-8d7f-f8c48f9b4eb8,Parkstraße 24,2025-07-07 03:00:00,0.002486823910501345,No
9216,fdf97c35-96ee-44ef-8d7f-f8c48f9b4eb8,Parkstraße 24,2025-07-07 04:00:00,0.00484239104095171,No
9217,fdf97c35-96ee-44ef-8d7f-f8c48f9b4eb8,Parkstraße 24,2025-07-07 05:00:00,0.08056347717543193,No
9218,fdf97c35-96ee-44ef-8d7f-f8c48f9b4eb8,Parkstraße 24,2025-07-07 06:00:00,0.01020702928095974,No
9219,fdf97c35-96ee-44ef-8d7f-f8c48f9b4eb8,Parkstraße 24,2025-07-07 07:00:00,0.02466430223870507,No
9220,fdf97c35-96ee-44ef-8d7f-f8c48f9b4eb8,Parkstraße 24,2025-07-07 08:00:00,0.49130593886612384,No
9221,fdf97c35-96ee-44ef-8d7f-f8c48f9b4eb8,Parkstraße 24,2025-07-07 09:00:00,0.1006274720583459,No
9222,fdf97c35-96ee-44ef-8d7f-f8c48f9b4eb8,Parkstraße 24,2025-07-07 10:00:00,0.15655459125473775,No
9223,fdf97c35-96ee-44ef-8d7f-f8c48f9b4eb8,Parkstraße 24,2025-07-07 11:00:00,0.020434721503592792,No
9224,fdf97c35-96ee-44ef-8d7f-f8c48f9b4eb8,Parkstraße 24,2025-07-07 12:00:00,0.016846083658101446,No
9225,fdf97c35-96ee-44ef-8d7f-f8c48f9b4eb8,Parkstraße 24,2025-07-07 13:00:00,0.3714483499328023,No
9226,fdf97c35-96ee-44ef-8d7f-f8c48f9b4eb8,Parkstraße 24,2025-07-07 14:00:00,0.33468874971156887,No
9227,fdf97c35-96ee-44ef-8d7f-f8c48f9b4eb8,Parkstraße 24,2025-07-07 15:00:00,0.1768644234874798,No
9228,fdf97c35-96ee-44ef-8d7f-f8c48f9b4eb8,Parkstraße 24,2025-07-07 16:00:00,0.2196025258700384,No
9229,fdf97c35-96ee-44ef-8d7f-f8c48f9b4eb8,Parkstraße 24,2025-07-07 17:00:00,0.11213463462707207,No
9230,fdf97c35-96ee-44ef-8d7f-f8c48f9b4eb8,Parkstraße 24,2025-07-07 18:00:00,0.07923545633046414,No
9231,fdf97c35-96ee-44ef-8d7f-f8c48f9b4eb8,Parkstraße 24,2025-07-07 19:00:00,0.003326662550989044,No
9232,fdf97c35-96ee-44ef-8d7f-f8c48f9b4eb8,Parkstraße 24,2025-07-07 20:00:00,0.01231421858448941,No
9233,fdf97c35-96ee-44ef-8d7f-f8c48f9b4eb8,Parkstraße 24,2025-07-07 21:00:00,0.009272340447872736,No
9234,fdf97c35-96ee-44ef-8d7f-f8c48f9b4eb8,Parkstraße 24,2025-07-07 22:00:00,0.04658858374646899,No
9235,fdf97c35-96ee-44ef-8d7f-f8c48f9b4eb8,Parkstraße 24,2025-07-07 23:00:00,0.010912246894305725,No
9236,fdf97c35-96ee-44ef-8d7f-f8c48f9b4eb8,Parkstraße 24,2025-07-08 00:00:00,0.0009762325239584591,No
9237,fdf97c35-96ee-44ef-8d7f-f8c48f9b4eb8,Parkstraße 24,2025-07-08 01:00:00,0.0011373902448461027,No
9238,fdf97c35-96ee-44ef-8d7f-f8c48f9b4eb8,Parkstraße 24,2025-07-08 02:00:00,0.00337001372443629,No
9239,fdf97c35-96ee-44ef-8d7f-f8c48f9b4eb8,Parkstraße 24,2025-07-08 03:00:00,0.004804987049275085,No
9240,fdf97c35-96ee-44ef-8d7f-f8c48f9b4eb8,Parkstraße 24,2025-07-08 04:00:00,0.013682653857229915,No
9241,fdf97c35-96ee-44ef-8d7f-f8c48f9b4eb8,Parkstraße 24,2025-07-08 05:00:00,0.001729860023539308,No
9242,fdf97c35-96ee-44ef-8d7f-f8c48f9b4eb8,Parkstraße 24,2025-07-08 06:00:00,0.009243921905046158,No
9243,fdf97c35-96ee-44ef-8d7f-f8c48f9b4eb8,Parkstraße 24,2025-07-08 07:00:00,0.026652127986838664,No
9244,fdf97c35-96ee-44ef-8d7f-f8c48f9b4eb8,Parkstraße 24,2025-07-08 08:00:00,0.020201418247460044,No
9245,fdf97c35-96ee-44ef-8d7f-f8c48f9b4eb8,Parkstraße 24,2025-07-08 09:00:00,0.11949891238377201,No
9246,fdf97c35-96ee-44ef-8d7f-f8c48f9b4eb8,Parkstraße 24,2025-07-08 10:00:00,0.09912250241286309,No
9247,fdf97c35-96ee-44ef-8d7f-f8c48f9b4eb8,Parkstraße 24,2025-07-08 11:00:00,0.31116755594980366,No
9248,fdf97c35-96ee-44ef-8d7f-f8c48f9b4eb8,Parkstraße 24,2025-07-08 12:00:00,0.16095744730881925,No
9249,fdf97c35-96ee-44ef-8d7f-f8c48f9b4eb8,Parkstraße 24,2025-07-08 13:00:00,0.31843725959521635,No
9250,fdf97c35-96ee-44ef-8d7f-f8c48f9b4eb8,Parkstraße 24,2025-07-08 14:00:00,0.38808931570641764,No
9251,fdf97c35-96ee-44ef-8d7f-f8c48f9b4eb8,Parkstraße 24,2025-07-08 15:00:00,0.2914223683287981,No
9252,fdf97c35-96ee-44ef-8d7f-f8c48f9b4eb8,Parkstraße 24,2025-07-08 16:00:00,0.2070361423010906,No
9253,fdf97c35-96ee-44ef-8d7f-f8c48f9b4eb8,Parkstraße 24,2025-07-08 17:00:00,0.14767366346662666,No
9254,fdf97c35-96ee-44ef-8d7f-f8c48f9b4eb8,Parkstraße 24,2025-07-08 18:00:00,0.07554753440879379,No
9255,fdf97c35-96ee-44ef-8d7f-f8c48f9b4eb8,Parkstraße 24,2025-07-08 19:00:00,0.026759924861078522,No
9256,fdf97c35-96ee-44ef-8d7f-f8c48f9b4eb8,Parkstraße 24,2025-07-08 20:00:00,0.00151868929737856,No
9257,fdf97c35-96ee-44ef-8d7f-f8c48f9b4eb8,Parkstraße 24,2025-07-08 21:00:00,0.010257060616670732,No
9258,fdf97c35-96ee-44ef-8d7f-f8c48f9b4eb8,Parkstraße 24,2025-07-08 22:00:00,0.025486350428684842,No
9259,fdf97c35-96ee-44ef-8d7f-f8c48f9b4eb8,Parkstraße 24,2025-07-08 23:00:00,0.0069277819546333655,No
9260,fdf97c35-96ee-44ef-8d7f-f8c48f9b4eb8,Parkstraße 24,2025-07-09 00:00:00,0.002015165645735247,No
9261,fdf97c35-96ee-44ef-8d7f-f8c48f9b4eb8,Parkstraße 24,2025-07-09 01:00:00,0.011280789467500156,No
9262,fdf97c35-96ee-44ef-8d7f-f8c48f9b4eb8,Parkstraße 24,2025-07-09 02:00:00,0.010484014291039198,No
9263,fdf97c35-96ee-44ef-8d7f-f8c48f9b4eb8,Parkstraße 24,2025-07-09 03:00:00,0.011704858242097665,No
9264,fdf97c35-96ee-44ef-8d7f-f8c48f9b4eb8,Parkstraße 24,2025-07-09 04:00:00,0.0050685477224208875,No
9265,fdf97c35-96ee-44ef-8d7f-f8c48f9b4eb8,Parkstraße 24,2025-07-09 05:00:00,0.00997336198221335,No
9266,fdf97c35-96ee-44ef-8d7f-f8c48f9b4eb8,Parkstraße 24,2025-07-09 06:00:00,0.19890050913766125,No
9267,fdf97c35-96ee-44ef-8d7f-f8c48f9b4eb8,Parkstraße 24,2025-07-09 07:00:00,0.17521550597757232,No
9268,fdf97c35-96ee-44ef-8d7f-f8c48f9b4eb8,Parkstraße 24,2025-07-09 08:00:00,0.23261469374710897,No
9269,fdf97c35-96ee-44ef-8d7f-f8c48f9b4eb8,Parkstraße 24,2025-07-09 09:00:00,0.32961244690456987,No
9270,fdf97c35-96ee-44ef-8d7f-f8c48f9b4eb8,Parkstraße 24,2025-07-09 10:00:00,0.18841033890623196,No
9271,fdf97c35-96ee-44ef-8d7f-f8c48f9b4eb8,Parkstraße 24,2025-07-09 11:00:00,0.10932393927875576,No
9272,fdf97c35-96ee-44ef-8d7f-f8c48f9b4eb8,Parkstraße 24,2025-07-09 12:00:00,0.004697153334088234,No
9273,fdf97c35-96ee-44ef-8d7f-f8c48f9b4eb8,Parkstraße 24,2025-07-09 13:00:00,0.0792918472646651,No
9274,fdf97c35-96ee-44ef-8d7f-f8c48f9b4eb8,Parkstraße 24,2025-07-09 14:00:00,0.09043890503974283,No
9275,fdf97c35-96ee-44ef-8d7f-f8c48f9b4eb8,Parkstraße 24,2025-07-09 15:00:00,0.13387570165573687,No
9276,fdf97c35-96ee-44ef-8d7f-f8c48f9b4eb8,Parkstraße 24,2025-07-09 16:00:00,0.10732539907345619,No
9277,fdf97c35-96ee-44ef-8d7f-f8c48f9b4eb8,Parkstraße 24,2025-07-09 17:00:00,0.04905949201343634,No
9278,fdf97c35-96ee-44ef-8d7f-f8c48f9b4eb8,Parkstraße 24,2025-07-09 18:00:00,0.02721207804288747,No
9279,fdf97c35-96ee-44ef-8d7f-f8c48f9b4eb8,Parkstraße 24,2025-07-09 19:00:00,0.0007649892095801253,No
9280,fdf97c35-96ee-44ef-8d7f-f8c48f9b4eb8,Parkstraße 24,2025-07-09 20:00:00,0.02588774290823827,No
9281,fdf97c35-96ee-44ef-8d7f-f8c48f9b4eb8,Parkstraße 24,2025-07-09 21:00:00,0.000820463792337307,No
9282,fdf97c35-96ee-44ef-8d7f-f8c48f9b4eb8,Parkstraße 24,2025-07-09 22:00:00,0.003151534011461765,No
9283,fdf97c35-96ee-44ef-8d7f-f8c48f9b4eb8,Parkstraße 24,2025-07-09 23:00:00,0.0031305029267756856,No
9284,fdf97c35-96ee-44ef-8d7f-f8c48f9b4eb8,Parkstraße 24,2025-07-10 00:00:00,0.0011622257386871043,No
9285,fdf97c35-96ee-44ef-8d7f-f8c48f9b4eb8,Parkstraße 24,2025-07-10 01:00:00,0.0013569214320031363,No
9286,fdf97c35-96ee-44ef-8d7f-f8c48f9b4eb8,Parkstraße 24,2025-07-10 02:00:00,0.0015394930372880555,No
9287,fdf97c35-96ee-44ef-8d7f-f8c48f9b4eb8,Parkstraße 24,2025-07-10 03:00:00,0.0013903711104687269,No
9288,fdf97c35-96ee-44ef-8d7f-f8c48f9b4eb8,Parkstraße 24,2025-07-10 04:00:00,0.0023289585459154,No
9289,fdf97c35-96ee-44ef-8d7f-f8c48f9b4eb8,Parkstraße 24,2025-07-10 05:00:00,0.06081527168403211,No
9290,fdf97c35-96ee-44ef-8d7f-f8c48f9b4eb8,Parkstraße 24,2025-07-10 06:00:00,0.017002471579281697,No
9291,fdf97c35-96ee-44ef-8d7f-f8c48f9b4eb8,Parkstraße 24,2025-07-10 07:00:00,0.15774987126879655,No
9292,fdf97c35-96ee-44ef-8d7f-f8c48f9b4eb8,Parkstraße 24,2025-07-10 08:00:00,0.15069421433828656,No
9293,fdf97c35-96ee-44ef-8d7f-f8c48f9b4eb8,Parkstraße 24,2025-07-10 09:00:00,0.13741674286384067,No
9294,fdf97c35-96ee-44ef-8d7f-f8c48f9b4eb8,Parkstraße 24,2025-07-10 10:00:00,0.6670145941410383,No
9295,fdf97c35-96ee-44ef-8d7f-f8c48f9b4eb8,Parkstraße 24,2025-07-10 11:00:00,0.8530605378795025,Yes
9296,fdf97c35-96ee-44ef-8d7f-f8c48f9b4eb8,Parkstraße 24,2025-07-10 12:00:00,0.023242475123802647,No
9297,fdf97c35-96ee-44ef-8d7f-f8c48f9b4eb8,Parkstraße 24,2025-07-10 13:00:00,0.34298760581022325,No
9298,fdf97c35-96ee-44ef-8d7f-f8c48f9b4eb8,Parkstraße 24,2025-07-10 14:00:00,0.4610280323666176,No
9299,fdf97c35-96ee-44ef-8d7f-f8c48f9b4eb8,Parkstraße 24,2025-07-10 15:00:00,0.4950850321356663,No
9300,fdf97c35-96ee-44ef-8d7f-f8c48f9b4eb8,Parkstraße 24,2025-07-10 16:00:00,0.27572919206414803,No
9301,fdf97c35-96ee-44ef-8d7f-f8c48f9b4eb8,Parkstraße 24,2025-07-10 17:00:00,0.08979347323318225,No
9302,fdf97c35-96ee-44ef-8d7f-f8c48f9b4eb8,Parkstraße 24,2025-07-10 18:00:00,0.05181068143789102,No
9303,fdf97c35-96ee-44ef-8d7f-f8c48f9b4eb8,Parkstraße 24,2025-07-10 19:00:00,0.0013391011269106683,No
9304,fdf97c35-96ee-44ef-8d7f-f8c48f9b4eb8,Parkstraße 24,2025-07-10 20:00:00,0.06214048634467605,No
9305,fdf97c35-96ee-44ef-8d7f-f8c48f9b4eb8,Parkstraße 24,2025-07-10 21:00:00,0.002473559594607773,No
9306,fdf97c35-96ee-44ef-8d7f-f8c48f9b4eb8,Parkstraße 24,2025-07-10 22:00:00,0.008265511865260712,No
9307,fdf97c35-96ee-44ef-8d7f-f8c48f9b4eb8,Parkstraße 24,2025-07-10 23:00:00,0.0036193873915076964,No
9308,fdf97c35-96ee-44ef-8d7f-f8c48f9b4eb8,Parkstraße 24,2025-07-11 00:00:00,0.001152660971423162,No
9309,fdf97c35-96ee-44ef-8d7f-f8c48f9b4eb8,Parkstraße 24,2025-07-11 01:00:00,0.006452691092619434,No
9310,fdf97c35-96ee-44ef-8d7f-f8c48f9b4eb8,Parkstraße 24,2025-07-11 02:00:00,0.011806960532142544,No
9311,fdf97c35-96ee-44ef-8d7f-f8c48f9b4eb8,Parkstraße 24,2025-07-11 03:00:00,0.005077038888829444,No
9312,fdf97c35-96ee-44ef-8d7f-f8c48f9b4eb8,Parkstraße 24,2025-07-11 04:00:00,0.006817454685816292,No
9313,fdf97c35-96ee-44ef-8d7f-f8c48f9b4eb8,Parkstraße 24,2025-07-11 05:00:00,0.013943376097259269,No
9314,fdf97c35-96ee-44ef-8d7f-f8c48f9b4eb8,Parkstraße 24,2025-07-11 06:00:00,0.019040673053218205,No
9315,fdf97c35-96ee-44ef-8d7f-f8c48f9b4eb8,Parkstraße 24,2025-07-11 07:00:00,0.12232578740517486,No
9316,fdf97c35-96ee-44ef-8d7f-f8c48f9b4eb8,Parkstraße 24,2025-07-11 08:00:00,0.21814437024731315,No
9317,fdf97c35-96ee-44ef-8d7f-f8c48f9b4eb8,Parkstraße 24,2025-07-11 09:00:00,0.22670451050901863,No
9318,fdf97c35-96ee-44ef-8d7f-f8c48f9b4eb8,Parkstraße 24,2025-07-11 10:00:00,0.04716227531731813,No
9319,fdf97c35-96ee-44ef-8d7f-f8c48f9b4eb8,Parkstraße 24,2025-07-11 11:00:00,0.06609272597475786,No
9320,fdf97c35-96ee-44ef-8d7f-f8c48f9b4eb8,Parkstraße 24,2025-07-11 12:00:00,0.40434156397631726,No
9321,fdf97c35-96ee-44ef-8d7f-f8c48f9b4eb8,Parkstraße 24,2025-07-11 13:00:00,0.31430307931309875,No
9322,fdf97c35-96ee-44ef-8d7f-f8c48f9b4eb8,Parkstraße 24,2025-07-11 14:00:00,0.42956590380049214,No
9323,fdf97c35-96ee-44ef-8d7f-f8c48f9b4eb8,Parkstraße 24,2025-07-11 15:00:00,0.27563941338053366,No
9324,fdf97c35-96ee-44ef-8d7f-f8c48f9b4eb8,Parkstraße 24,2025-07-11 16:00:00,0.30792122085646084,No
9325,fdf97c35-96ee-44ef-8d7f-f8c48f9b4eb8,Parkstraße 24,2025-07-11 17:00:00,0.18887623512102747,No
9326,fdf97c35-96ee-44ef-8d7f-f8c48f9b4eb8,Parkstraße 24,2025-07-11 18:00:00,0.048981988056060764,No
9327,fdf97c35-96ee-44ef-8d7f-f8c48f9b4eb8,Parkstraße 24,2025-07-11 19:00:00,0.010797609848501791,No
9328,fdf97c35-96ee-44ef-8d7f-f8c48f9b4eb8,Parkstraße 24,2025-07-11 20:00:00,0.3440878737739504,No
9329,fdf97c35-96ee-44ef-8d7f-f8c48f9b4eb8,Parkstraße 24,2025-07-11 21:00:00,0.000880598533488498,No
9330,fdf97c35-96ee-44ef-8d7f-f8c48f9b4eb8,Parkstraße 24,2025-07-11 22:00:00,0.10520373379306154,No
9331,fdf97c35-96ee-44ef-8d7f-f8c48f9b4eb8,Parkstraße 24,2025-07-11 23:00:00,0.004334197626853062,No
9332,fdf97c35-96ee-44ef-8d7f-f8c48f9b4eb8,Parkstraße 24,2025-07-12 00:00:00,0.0024822793701737974,No
9333,fdf97c35-96ee-44ef-8d7f-f8c48f9b4eb8,Parkstraße 24,2025-07-12 01:00:00,0.00697196333285516,No
9334,fdf97c35-96ee-44ef-8d7f-f8c48f9b4eb8,Parkstraße 24,2025-07-12 02:00:00,0.00573625665091495,No
9335,fdf97c35-96ee-44ef-8d7f-f8c48f9b4eb8,Parkstraße 24,2025-07-12 03:00:00,0.004002457401680423,No
9336,fdf97c35-96ee-44ef-8d7f-f8c48f9b4eb8,Parkstraße 24,2025-07-12 04:00:00,0.013927055723255553,No
9337,fdf97c35-96ee-44ef-8d7f-f8c48f9b4eb8,Parkstraße 24,2025-07-12 05:00:00,0.02862900321500052,No
9338,fdf97c35-96ee-44ef-8d7f-f8c48f9b4eb8,Parkstraße 24,2025-07-12 06:00:00,0.03526762180277048,No
9339,fdf97c35-96ee-44ef-8d7f-f8c48f9b4eb8,Parkstraße 24,2025-07-12 07:00:00,0.1053792242832739,No
9340,fdf97c35-96ee-44ef-8d7f-f8c48f9b4eb8,Parkstraße 24,2025-07-12 08:00:00,0.11907639049702602,No
9341,fdf97c35-96ee-44ef-8d7f-f8c48f9b4eb8,Parkstraße 24,2025-07-12 09:00:00,0.06408800294482708,No
9342,fdf97c35-96ee-44ef-8d7f-f8c48f9b4eb8,Parkstraße 24,2025-07-12 10:00:00,0.004748247955737655,No
9343,fdf97c35-96ee-44ef-8d7f-f8c48f9b4eb8,Parkstraße 24,2025-07-12 11:00:00,0.13404465799546894,No
9344,fdf97c35-96ee-44ef-8d7f-f8c48f9b4eb8,Parkstraße 24,2025-07-12 12:00:00,0.15679223233270648,No
9345,fdf97c35-96ee-44ef-8d7f-f8c48f9b4eb8,Parkstraße 24,2025-07-12 13:00:00,0.48274633132504013,No
9346,fdf97c35-96ee-44ef-8d7f-f8c48f9b4eb8,Parkstraße 24,2025-07-12 14:00:00,0.4493933196531185,No
9347,fdf97c35-96ee-44ef-8d7f-f8c48f9b4eb8,Parkstraße 24,2025-07-12 15:00:00,0.22629633277342087,No
9348,fdf97c35-96ee-44ef-8d7f-f8c48f9b4eb8,Parkstraße 24,2025-07-12 16:00:00,0.16257458342059553,No
9349,fdf97c35-96ee-44ef-8d7f-f8c48f9b4eb8,Parkstraße 24,2025-07-12 17:00:00,0.07440883623978393,No
9350,fdf97c35-96ee-44ef-8d7f-f8c48f9b4eb8,Parkstraße 24,2025-07-12 18:00:00,0.010780279338798798,No
9351,fdf97c35-96ee-44ef-8d7f-f8c48f9b4eb8,Parkstraße 24,2025-07-12 19:00:00,0.0016208089371503181,No
9352,fdf97c35-96ee-44ef-8d7f-f8c48f9b4eb8,Parkstraße 24,2025-07-12 20:00:00,0.0012965104465335528,No
9353,fdf97c35-96ee-44ef-8d7f-f8c48f9b4eb8,Parkstraße 24,2025-07-12 21:00:00,0.0086384397382731,No
9354,fdf97c35-96ee-44ef-8d7f-f8c48f9b4eb8,Parkstraße 24,2025-07-12 22:00:00,0.08470629469430353,No
9355,fdf97c35-96ee-44ef-8d7f-f8c48f9b4eb8,Parkstraße 24,2025-07-12 23:00:00,0.002160610270031935,No
9356,fdf97c35-96ee-44ef-8d7f-f8c48f9b4eb8,Parkstraße 24,2025-07-13 00:00:00,0.0035331913238054844,No
9357,fdf97c35-96ee-44ef-8d7f-f8c48f9b4eb8,Parkstraße 24,2025-07-13 01:00:00,0.0022997882050098876,No
9358,fdf97c35-96ee-44ef-8d7f-f8c48f9b4eb8,Parkstraße 24,2025-07-13 02:00:00,0.0037880751673959896,No
9359,fdf97c35-96ee-44ef-8d7f-f8c48f9b4eb8,Parkstraße 24,2025-07-13 03:00:00,0.0010691448132382506,No
9360,fdf97c35-96ee-44ef-8d7f-f8c48f9b4eb8,Parkstraße 24,2025-07-13 04:00:00,0.011459791046256843,No
9361,fdf97c35-96ee-44ef-8d7f-f8c48f9b4eb8,Parkstraße 24,2025-07-13 05:00:00,0.0026554426880667724,No
9362,fdf97c35-96ee-44ef-8d7f-f8c48f9b4eb8,Parkstraße 24,2025-07-13 06:00:00,0.04994929853085331,No
9363,fdf97c35-96ee-44ef-8d7f-f8c48f9b4eb8,Parkstraße 24,2025-07-13 07:00:00,0.07159310621113557,No
9364,fdf97c35-96ee-44ef-8d7f-f8c48f9b4eb8,Parkstraße 24,2025-07-13 08:00:00,0.0028915250812277596,No
9365,fdf97c35-96ee-44ef-8d7f-f8c48f9b4eb8,Parkstraße 24,2025-07-13 09:00:00,0.18600098545048624,No
9366,fdf97c35-96ee-44ef-8d7f-f8c48f9b4eb8,Parkstraße 24,2025-07-13 10:00:00,0.00940795499715545,No
9367,fdf97c35-96ee-44ef-8d7f-f8c48f9b4eb8,Parkstraße 24,2025-07-13 11:00:00,0.04163488238764016,No
9368,fdf97c35-96ee-44ef-8d7f-f8c48f9b4eb8,Parkstraße 24,2025-07-13 12:00:00,0.5972287678710907,No
9369,fdf97c35-96ee-44ef-8d7f-f8c48f9b4eb8,Parkstraße 24,2025-07-13 13:00:00,0.6325596369310946,No
9370,fdf97c35-96ee-44ef-8d7f-f8c48f9b4eb8,Parkstraße 24,2025-07-13 14:00:00,0.39436272329849575,No
9371,fdf97c35-96ee-44ef-8d7f-f8c48f9b4eb8,Parkstraße 24,2025-07-13 15:00:00,0.19189838683753802,No
9372,fdf97c35-96ee-44ef-8d7f-f8c48f9b4eb8,Parkstraße 24,2025-07-13 16:00:00,0.09546558906161708,No
9373,fdf97c35-96ee-44ef-8d7f-f8c48f9b4eb8,Parkstraße 24,2025-07-13 17:00:00,0.056396879347471805,No
9374,fdf97c35-96ee-44ef-8d7f-f8c48f9b4eb8,Parkstraße 24,2025-07-13 18:00:00,0.03203195949921427,No
9375,fdf97c35-96ee-44ef-8d7f-f8c48f9b4eb8,Parkstraße 24,2025-07-13 19:00:00,0.00041609585416874095,No
9376,fdf97c35-96ee-44ef-8d7f-f8c48f9b4eb8,Parkstraße 24,2025-07-13 20:00:00,0.030857413251458597,No
9377,fdf97c35-96ee-44ef-8d7f-f8c48f9b4eb8,Parkstraße 24,2025-07-13 21:00:00,0.005077784027122293,No
9378,fdf97c35-96ee-44ef-8d7f-f8c48f9b4eb8,Parkstraße 24,2025-07-13 22:00:00,0.0003120490790048476,No
9379,fdf97c35-96ee-44ef-8d7f-f8c48f9b4eb8,Parkstraße 24,2025-07-13 23:00:00,0.0008634411824105853,No
