,name,SID,timestamp,visitors,avgDuration,weekday,hour_sin,hour_cos,weekday_sin,weekday_cos,injected_value,anomaly
335,Innenstadt,3cc1e766-97c5-4ed0-92c3-a800b5be8658,2025-06-30 03:00:00+02:00,21.0,17.1,0,0.7071067811865475,0.7071067811865476,0.0,1.0,21.0,0.0
336,Innenstadt,3cc1e766-97c5-4ed0-92c3-a800b5be8658,2025-06-30 04:00:00+02:00,28.0,22.3625,0,0.8660254037844386,0.5000000000000001,0.0,1.0,0.0,1.0
337,Innenstadt,3cc1e766-97c5-4ed0-92c3-a800b5be8658,2025-06-30 05:00:00+02:00,47.0,19.92,0,0.9659258262890684,0.2588190451025207,0.0,1.0,47.0,0.0
338,Innenstadt,3cc1e766-97c5-4ed0-92c3-a800b5be8658,2025-06-30 06:00:00+02:00,114.0,22.3275,0,1.0,6.123233995736766e-17,0.0,1.0,114.0,0.0
339,Innenstadt,3cc1e766-97c5-4ed0-92c3-a800b5be8658,2025-06-30 07:00:00+02:00,239.0,17.4025,0,0.9659258262890684,-0.2588190451025206,0.0,1.0,239.0,0.0
340,Innenstadt,3cc1e766-97c5-4ed0-92c3-a800b5be8658,2025-06-30 08:00:00+02:00,343.0,19.30333333333333,0,0.8660254037844387,-0.4999999999999998,0.0,1.0,343.0,0.0
341,Innenstadt,3cc1e766-97c5-4ed0-92c3-a800b5be8658,2025-06-30 09:00:00+02:00,427.0,21.3725,0,0.7071067811865476,-0.7071067811865475,0.0,1.0,427.0,0.0
342,Innenstadt,3cc1e766-97c5-4ed0-92c3-a800b5be8658,2025-06-30 10:00:00+02:00,464.0,19.594583333333333,0,0.7071067811865476,-0.7071067811865475,0.0,1.0,464.0,0.0
343,Innenstadt,3cc1e766-97c5-4ed0-92c3-a800b5be8658,2025-06-30 11:00:00+02:00,502.0,17.816666666666666,0,0.258819045102521,-0.9659258262890682,0.0,1.0,502.0,0.0
344,Innenstadt,3cc1e766-97c5-4ed0-92c3-a800b5be8658,2025-06-30 12:00:00+02:00,483.0,18.416666666666668,0,1.2246467991473532e-16,-1.0,0.0,1.0,483.0,0.0
345,Innenstadt,3cc1e766-97c5-4ed0-92c3-a800b5be8658,2025-06-30 13:00:00+02:00,439.0,16.930000000000003,0,-0.2588190451025208,-0.9659258262890684,0.0,1.0,439.0,0.0
346,Innenstadt,3cc1e766-97c5-4ed0-92c3-a800b5be8658,2025-06-30 14:00:00+02:00,423.0,16.775,0,-0.4999999999999997,-0.8660254037844388,0.0,1.0,851.5450362145814,1.0
347,Innenstadt,3cc1e766-97c5-4ed0-92c3-a800b5be8658,2025-06-30 15:00:00+02:00,352.0,18.076666666666668,0,-0.7071067811865471,-0.7071067811865479,0.0,1.0,352.0,0.0
348,Innenstadt,3cc1e766-97c5-4ed0-92c3-a800b5be8658,2025-06-30 16:00:00+02:00,473.0,19.215,0,-0.8660254037844384,-0.5000000000000004,0.0,1.0,473.0,0.0
349,Innenstadt,3cc1e766-97c5-4ed0-92c3-a800b5be8658,2025-06-30 17:00:00+02:00,388.0,17.7275,0,-0.9659258262890684,-0.2588190451025206,0.0,1.0,388.0,0.0
350,Innenstadt,3cc1e766-97c5-4ed0-92c3-a800b5be8658,2025-06-30 18:00:00+02:00,370.0,16.9075,0,-1.0,-1.8369701987210294e-16,0.0,1.0,370.0,0.0
351,Innenstadt,3cc1e766-97c5-4ed0-92c3-a800b5be8658,2025-06-30 19:00:00+02:00,290.0,16.6025,0,-0.9659258262890684,0.2588190451025203,0.0,1.0,290.0,0.0
352,Innenstadt,3cc1e766-97c5-4ed0-92c3-a800b5be8658,2025-06-30 20:00:00+02:00,224.0,16.89,0,-0.8660254037844386,0.5000000000000001,0.0,1.0,224.0,0.0
353,Innenstadt,3cc1e766-97c5-4ed0-92c3-a800b5be8658,2025-06-30 21:00:00+02:00,163.0,16.735,0,-0.7071067811865477,0.7071067811865474,0.0,1.0,163.0,0.0
354,Innenstadt,3cc1e766-97c5-4ed0-92c3-a800b5be8658,2025-06-30 22:00:00+02:00,80.0,11.795,0,-0.5000000000000004,0.8660254037844384,0.0,1.0,508.54503621458133,1.0
355,Innenstadt,3cc1e766-97c5-4ed0-92c3-a800b5be8658,2025-06-30 23:00:00+02:00,19.0,5.44,0,-0.2588190451025215,0.965925826289068,0.0,1.0,19.0,0.0
356,Innenstadt,3cc1e766-97c5-4ed0-92c3-a800b5be8658,2025-07-01 00:00:00+02:00,100.0,46.98,1,0.0,1.0,0.7818314824680298,0.6234898018587336,100.0,0.0
357,Innenstadt,3cc1e766-97c5-4ed0-92c3-a800b5be8658,2025-07-01 01:00:00+02:00,27.0,23.7375,1,0.2588190451025207,0.9659258262890684,0.7818314824680298,0.6234898018587336,27.0,0.0
358,Innenstadt,3cc1e766-97c5-4ed0-92c3-a800b5be8658,2025-07-01 02:00:00+02:00,18.0,29.0175,1,0.4999999999999999,0.8660254037844387,0.7818314824680298,0.6234898018587336,18.0,0.0
359,Innenstadt,3cc1e766-97c5-4ed0-92c3-a800b5be8658,2025-07-01 03:00:00+02:00,12.0,22.125,1,0.7071067811865475,0.7071067811865476,0.7818314824680298,0.6234898018587336,12.0,0.0
360,Innenstadt,3cc1e766-97c5-4ed0-92c3-a800b5be8658,2025-07-01 04:00:00+02:00,22.0,13.216666666666669,1,0.8660254037844386,0.5000000000000001,0.7818314824680298,0.6234898018587336,22.0,0.0
361,Innenstadt,3cc1e766-97c5-4ed0-92c3-a800b5be8658,2025-07-01 05:00:00+02:00,62.0,23.313333333333333,1,0.9659258262890684,0.2588190451025207,0.7818314824680298,0.6234898018587336,62.0,0.0
362,Innenstadt,3cc1e766-97c5-4ed0-92c3-a800b5be8658,2025-07-01 06:00:00+02:00,123.0,19.21666666666667,1,1.0,6.123233995736766e-17,0.7818314824680298,0.6234898018587336,123.0,0.0
363,Innenstadt,3cc1e766-97c5-4ed0-92c3-a800b5be8658,2025-07-01 07:00:00+02:00,252.0,14.592000000000002,1,0.9659258262890684,-0.2588190451025206,0.7818314824680298,0.6234898018587336,252.0,0.0
364,Innenstadt,3cc1e766-97c5-4ed0-92c3-a800b5be8658,2025-07-01 08:00:00+02:00,367.0,17.473333333333333,1,0.8660254037844387,-0.4999999999999998,0.7818314824680298,0.6234898018587336,367.0,0.0
365,Innenstadt,3cc1e766-97c5-4ed0-92c3-a800b5be8658,2025-07-01 09:00:00+02:00,458.0,17.4175,1,0.7071067811865476,-0.7071067811865475,0.7818314824680298,0.6234898018587336,458.0,0.0
366,Innenstadt,3cc1e766-97c5-4ed0-92c3-a800b5be8658,2025-07-01 10:00:00+02:00,490.0,16.0175,1,0.4999999999999999,-0.8660254037844387,0.7818314824680298,0.6234898018587336,490.0,0.0
367,Innenstadt,3cc1e766-97c5-4ed0-92c3-a800b5be8658,2025-07-01 11:00:00+02:00,442.0,17.93,1,0.258819045102521,-0.9659258262890682,0.7818314824680298,0.6234898018587336,442.0,0.0
368,Innenstadt,3cc1e766-97c5-4ed0-92c3-a800b5be8658,2025-07-01 12:00:00+02:00,518.0,18.9,1,1.2246467991473532e-16,-1.0,0.7818314824680298,0.6234898018587336,946.5450362145814,1.0
369,Innenstadt,3cc1e766-97c5-4ed0-92c3-a800b5be8658,2025-07-01 13:00:00+02:00,430.0,17.4775,1,-0.2588190451025208,-0.9659258262890684,0.7818314824680298,0.6234898018587336,430.0,0.0
370,Innenstadt,3cc1e766-97c5-4ed0-92c3-a800b5be8658,2025-07-01 14:00:00+02:00,361.0,17.23,1,-0.4999999999999997,-0.8660254037844388,0.7818314824680298,0.6234898018587336,361.0,0.0
371,Innenstadt,3cc1e766-97c5-4ed0-92c3-a800b5be8658,2025-07-01 15:00:00+02:00,311.0,13.8225,1,-0.7071067811865471,-0.7071067811865479,0.7818314824680298,0.6234898018587336,311.0,0.0
372,Innenstadt,3cc1e766-97c5-4ed0-92c3-a800b5be8658,2025-07-01 16:00:00+02:00,374.0,18.215,1,-0.8660254037844384,-0.5000000000000004,0.7818314824680298,0.6234898018587336,802.5450362145814,1.0
373,Innenstadt,3cc1e766-97c5-4ed0-92c3-a800b5be8658,2025-07-01 17:00:00+02:00,405.0,18.285,1,-0.9659258262890684,-0.2588190451025206,0.7818314824680298,0.6234898018587336,833.5450362145814,1.0
374,Innenstadt,3cc1e766-97c5-4ed0-92c3-a800b5be8658,2025-07-01 18:00:00+02:00,312.0,15.74,1,-1.0,-1.8369701987210294e-16,0.7818314824680298,0.6234898018587336,312.0,0.0
375,Innenstadt,3cc1e766-97c5-4ed0-92c3-a800b5be8658,2025-07-01 19:00:00+02:00,234.0,16.195,1,-0.9659258262890684,0.2588190451025203,0.7818314824680298,0.6234898018587336,234.0,0.0
376,Innenstadt,3cc1e766-97c5-4ed0-92c3-a800b5be8658,2025-07-01 20:00:00+02:00,168.0,16.5225,1,-0.8660254037844386,0.5000000000000001,0.7818314824680298,0.6234898018587336,168.0,0.0
377,Innenstadt,3cc1e766-97c5-4ed0-92c3-a800b5be8658,2025-07-01 21:00:00+02:00,107.0,15.3175,1,-0.7071067811865477,0.7071067811865474,0.7818314824680298,0.6234898018587336,107.0,0.0
378,Innenstadt,3cc1e766-97c5-4ed0-92c3-a800b5be8658,2025-07-01 22:00:00+02:00,59.0,11.3475,1,-0.5000000000000004,0.8660254037844384,0.7818314824680298,0.6234898018587336,59.0,0.0
379,Innenstadt,3cc1e766-97c5-4ed0-92c3-a800b5be8658,2025-07-01 23:00:00+02:00,17.0,3.83,1,-0.2588190451025215,0.965925826289068,0.7818314824680298,0.6234898018587336,17.0,0.0
380,Innenstadt,3cc1e766-97c5-4ed0-92c3-a800b5be8658,2025-07-02 00:00:00+02:00,92.0,55.27,2,0.0,1.0,0.9749279121818236,-0.2225209339563143,92.0,0.0
381,Innenstadt,3cc1e766-97c5-4ed0-92c3-a800b5be8658,2025-07-02 01:00:00+02:00,20.0,33.739999999999995,2,0.2588190451025207,0.9659258262890684,0.9749279121818236,-0.2225209339563143,0.0,1.0
382,Innenstadt,3cc1e766-97c5-4ed0-92c3-a800b5be8658,2025-07-02 02:00:00+02:00,8.0,18.6,2,0.4999999999999999,0.8660254037844387,0.9749279121818236,-0.2225209339563143,8.0,0.0
383,Innenstadt,3cc1e766-97c5-4ed0-92c3-a800b5be8658,2025-07-02 03:00:00+02:00,20.0,19.9075,2,0.7071067811865475,0.7071067811865476,0.9749279121818236,-0.2225209339563143,20.0,0.0
384,Innenstadt,3cc1e766-97c5-4ed0-92c3-a800b5be8658,2025-07-02 04:00:00+02:00,30.0,29.2475,2,0.8660254037844386,0.5000000000000001,0.9749279121818236,-0.2225209339563143,30.0,0.0
385,Innenstadt,3cc1e766-97c5-4ed0-92c3-a800b5be8658,2025-07-02 05:00:00+02:00,48.0,14.5875,2,0.9659258262890684,0.2588190451025207,0.9749279121818236,-0.2225209339563143,48.0,0.0
386,Innenstadt,3cc1e766-97c5-4ed0-92c3-a800b5be8658,2025-07-02 06:00:00+02:00,108.0,18.50333333333333,2,1.0,6.123233995736766e-17,0.9749279121818236,-0.2225209339563143,108.0,0.0
387,Innenstadt,3cc1e766-97c5-4ed0-92c3-a800b5be8658,2025-07-02 07:00:00+02:00,230.0,17.68,2,0.9659258262890684,-0.2588190451025206,0.9749279121818236,-0.2225209339563143,230.0,0.0
388,Innenstadt,3cc1e766-97c5-4ed0-92c3-a800b5be8658,2025-07-02 08:00:00+02:00,352.0,18.11,2,0.8660254037844387,-0.4999999999999998,0.9749279121818236,-0.2225209339563143,352.0,0.0
389,Innenstadt,3cc1e766-97c5-4ed0-92c3-a800b5be8658,2025-07-02 09:00:00+02:00,390.0,21.6525,2,0.7071067811865476,-0.7071067811865475,0.9749279121818236,-0.2225209339563143,390.0,0.0
390,Innenstadt,3cc1e766-97c5-4ed0-92c3-a800b5be8658,2025-07-02 10:00:00+02:00,403.0,21.2975,2,0.4999999999999999,-0.8660254037844387,0.9749279121818236,-0.2225209339563143,403.0,0.0
391,Innenstadt,3cc1e766-97c5-4ed0-92c3-a800b5be8658,2025-07-02 11:00:00+02:00,444.0,19.42,2,0.258819045102521,-0.9659258262890682,0.9749279121818236,-0.2225209339563143,444.0,0.0
392,Innenstadt,3cc1e766-97c5-4ed0-92c3-a800b5be8658,2025-07-02 12:00:00+02:00,389.0,18.075,2,1.2246467991473532e-16,-1.0,0.9749279121818236,-0.2225209339563143,389.0,0.0
393,Innenstadt,3cc1e766-97c5-4ed0-92c3-a800b5be8658,2025-07-02 13:00:00+02:00,309.0,17.7225,2,-0.2588190451025208,-0.9659258262890684,0.9749279121818236,-0.2225209339563143,309.0,0.0
394,Innenstadt,3cc1e766-97c5-4ed0-92c3-a800b5be8658,2025-07-02 14:00:00+02:00,227.0,12.675,2,-0.4999999999999997,-0.8660254037844388,0.9749279121818236,-0.2225209339563143,227.0,0.0
395,Innenstadt,3cc1e766-97c5-4ed0-92c3-a800b5be8658,2025-07-02 15:00:00+02:00,304.0,18.195,2,-0.7071067811865471,-0.7071067811865479,0.9749279121818236,-0.2225209339563143,304.0,0.0
396,Innenstadt,3cc1e766-97c5-4ed0-92c3-a800b5be8658,2025-07-02 16:00:00+02:00,268.0,18.2625,2,-0.8660254037844384,-0.5000000000000004,0.9749279121818236,-0.2225209339563143,268.0,0.0
397,Innenstadt,3cc1e766-97c5-4ed0-92c3-a800b5be8658,2025-07-02 17:00:00+02:00,346.0,17.275,2,-0.9659258262890684,-0.2588190451025206,0.9749279121818236,-0.2225209339563143,346.0,0.0
398,Innenstadt,3cc1e766-97c5-4ed0-92c3-a800b5be8658,2025-07-02 18:00:00+02:00,296.0,16.314999999999998,2,-1.0,-1.8369701987210294e-16,0.9749279121818236,-0.2225209339563143,296.0,0.0
399,Innenstadt,3cc1e766-97c5-4ed0-92c3-a800b5be8658,2025-07-02 19:00:00+02:00,255.0,18.7675,2,-0.9659258262890684,0.2588190451025203,0.9749279121818236,-0.2225209339563143,255.0,0.0
400,Innenstadt,3cc1e766-97c5-4ed0-92c3-a800b5be8658,2025-07-02 20:00:00+02:00,189.0,19.035,2,-0.8660254037844386,0.5000000000000001,0.9749279121818236,-0.2225209339563143,189.0,0.0
401,Innenstadt,3cc1e766-97c5-4ed0-92c3-a800b5be8658,2025-07-02 21:00:00+02:00,147.0,18.4775,2,-0.7071067811865477,0.7071067811865474,0.9749279121818236,-0.2225209339563143,147.0,0.0
402,Innenstadt,3cc1e766-97c5-4ed0-92c3-a800b5be8658,2025-07-02 22:00:00+02:00,63.0,11.86,2,-0.5000000000000004,0.8660254037844384,0.9749279121818236,-0.2225209339563143,63.0,0.0
403,Innenstadt,3cc1e766-97c5-4ed0-92c3-a800b5be8658,2025-07-02 23:00:00+02:00,13.0,4.125,2,-0.2588190451025215,0.965925826289068,0.9749279121818236,-0.2225209339563143,13.0,0.0
404,Innenstadt,3cc1e766-97c5-4ed0-92c3-a800b5be8658,2025-07-03 00:00:00+02:00,16.0,20.5425,2,-0.2588190451025215,0.965925826289068,0.9749279121818236,-0.2225209339563143,16.0,0.0
405,Innenstadt,3cc1e766-97c5-4ed0-92c3-a800b5be8658,2025-07-03 01:00:00+02:00,20.0,36.96,3,0.2588190451025207,0.9659258262890684,0.4338837391175582,-0.900968867902419,20.0,0.0
406,Innenstadt,3cc1e766-97c5-4ed0-92c3-a800b5be8658,2025-07-03 02:00:00+02:00,19.0,26.456,3,0.4999999999999999,0.8660254037844387,0.4338837391175582,-0.900968867902419,19.0,0.0
407,Innenstadt,3cc1e766-97c5-4ed0-92c3-a800b5be8658,2025-07-03 03:00:00+02:00,14.0,22.00333333333333,3,0.7071067811865475,0.7071067811865476,0.4338837391175582,-0.900968867902419,0.0,1.0
408,Innenstadt,3cc1e766-97c5-4ed0-92c3-a800b5be8658,2025-07-03 04:00:00+02:00,16.0,27.57,3,0.8660254037844386,0.5000000000000001,0.4338837391175582,-0.900968867902419,16.0,0.0
409,Innenstadt,3cc1e766-97c5-4ed0-92c3-a800b5be8658,2025-07-03 05:00:00+02:00,48.0,20.875,3,0.9659258262890684,0.2588190451025207,0.4338837391175582,-0.900968867902419,48.0,0.0
410,Innenstadt,3cc1e766-97c5-4ed0-92c3-a800b5be8658,2025-07-03 06:00:00+02:00,101.0,20.96,3,1.0,6.123233995736766e-17,0.4338837391175582,-0.900968867902419,101.0,0.0
411,Innenstadt,3cc1e766-97c5-4ed0-92c3-a800b5be8658,2025-07-03 07:00:00+02:00,206.0,16.7375,3,0.9659258262890684,-0.2588190451025206,0.4338837391175582,-0.900968867902419,206.0,0.0
412,Innenstadt,3cc1e766-97c5-4ed0-92c3-a800b5be8658,2025-07-03 08:00:00+02:00,279.0,19.05,3,0.8660254037844387,-0.4999999999999998,0.4338837391175582,-0.900968867902419,279.0,0.0
413,Innenstadt,3cc1e766-97c5-4ed0-92c3-a800b5be8658,2025-07-03 09:00:00+02:00,337.0,18.82,3,0.7071067811865476,-0.7071067811865475,0.4338837391175582,-0.900968867902419,337.0,0.0
414,Innenstadt,3cc1e766-97c5-4ed0-92c3-a800b5be8658,2025-07-03 10:00:00+02:00,457.0,20.93,3,0.4999999999999999,-0.8660254037844387,0.4338837391175582,-0.900968867902419,457.0,0.0
415,Innenstadt,3cc1e766-97c5-4ed0-92c3-a800b5be8658,2025-07-03 11:00:00+02:00,475.0,22.0575,3,0.258819045102521,-0.9659258262890682,0.4338837391175582,-0.900968867902419,475.0,0.0
416,Innenstadt,3cc1e766-97c5-4ed0-92c3-a800b5be8658,2025-07-03 12:00:00+02:00,540.0,18.2225,3,1.2246467991473532e-16,-1.0,0.4338837391175582,-0.900968867902419,540.0,0.0
417,Innenstadt,3cc1e766-97c5-4ed0-92c3-a800b5be8658,2025-07-03 13:00:00+02:00,464.0,19.5275,3,-0.2588190451025208,-0.9659258262890684,0.4338837391175582,-0.900968867902419,464.0,0.0
418,Innenstadt,3cc1e766-97c5-4ed0-92c3-a800b5be8658,2025-07-03 14:00:00+02:00,437.0,20.005,3,-0.4999999999999997,-0.8660254037844388,0.4338837391175582,-0.900968867902419,437.0,0.0
419,Innenstadt,3cc1e766-97c5-4ed0-92c3-a800b5be8658,2025-07-03 15:00:00+02:00,500.0,21.5725,3,-0.7071067811865471,-0.7071067811865479,0.4338837391175582,-0.900968867902419,500.0,0.0
420,Innenstadt,3cc1e766-97c5-4ed0-92c3-a800b5be8658,2025-07-03 16:00:00+02:00,574.0,18.725,3,-0.8660254037844384,-0.5000000000000004,0.4338837391175582,-0.900968867902419,574.0,0.0
421,Innenstadt,3cc1e766-97c5-4ed0-92c3-a800b5be8658,2025-07-03 17:00:00+02:00,494.0,19.215,3,-0.9659258262890684,-0.2588190451025206,0.4338837391175582,-0.900968867902419,922.5450362145814,1.0
422,Innenstadt,3cc1e766-97c5-4ed0-92c3-a800b5be8658,2025-07-03 18:00:00+02:00,462.0,16.752499999999998,3,-1.0,-1.8369701987210294e-16,0.4338837391175582,-0.900968867902419,462.0,0.0
423,Innenstadt,3cc1e766-97c5-4ed0-92c3-a800b5be8658,2025-07-03 19:00:00+02:00,266.0,16.857499999999998,3,-0.9659258262890684,0.2588190451025203,0.4338837391175582,-0.900968867902419,266.0,0.0
424,Innenstadt,3cc1e766-97c5-4ed0-92c3-a800b5be8658,2025-07-03 20:00:00+02:00,225.0,16.6375,3,-0.8660254037844386,0.5000000000000001,0.4338837391175582,-0.900968867902419,0.0,1.0
425,Innenstadt,3cc1e766-97c5-4ed0-92c3-a800b5be8658,2025-07-03 21:00:00+02:00,131.0,15.68,3,-0.7071067811865477,0.7071067811865474,0.4338837391175582,-0.900968867902419,131.0,0.0
426,Innenstadt,3cc1e766-97c5-4ed0-92c3-a800b5be8658,2025-07-03 22:00:00+02:00,83.0,15.546666666666669,3,-0.5000000000000004,0.8660254037844384,0.4338837391175582,-0.900968867902419,83.0,0.0
427,Innenstadt,3cc1e766-97c5-4ed0-92c3-a800b5be8658,2025-07-03 23:00:00+02:00,18.0,5.42,3,-0.2588190451025215,0.965925826289068,0.4338837391175582,-0.900968867902419,18.0,0.0
428,Innenstadt,3cc1e766-97c5-4ed0-92c3-a800b5be8658,2025-07-04 00:00:00+02:00,41.0,24.21,4,0.0,1.0,-0.433883739117558,-0.9009688679024191,41.0,0.0
429,Innenstadt,3cc1e766-97c5-4ed0-92c3-a800b5be8658,2025-07-04 01:00:00+02:00,47.0,32.7,4,0.2588190451025207,0.9659258262890684,-0.433883739117558,-0.9009688679024191,47.0,0.0
430,Innenstadt,3cc1e766-97c5-4ed0-92c3-a800b5be8658,2025-07-04 02:00:00+02:00,25.0,28.075,4,0.4999999999999999,0.8660254037844387,-0.433883739117558,-0.9009688679024191,25.0,0.0
431,Innenstadt,3cc1e766-97c5-4ed0-92c3-a800b5be8658,2025-07-04 03:00:00+02:00,8.0,21.6725,4,0.7071067811865475,0.7071067811865476,-0.433883739117558,-0.9009688679024191,8.0,0.0
432,Innenstadt,3cc1e766-97c5-4ed0-92c3-a800b5be8658,2025-07-04 04:00:00+02:00,28.0,22.2475,4,0.8660254037844386,0.5000000000000001,-0.433883739117558,-0.9009688679024191,28.0,0.0
433,Innenstadt,3cc1e766-97c5-4ed0-92c3-a800b5be8658,2025-07-04 05:00:00+02:00,59.0,20.4,4,0.9659258262890684,0.2588190451025207,-0.433883739117558,-0.9009688679024191,59.0,0.0
434,Innenstadt,3cc1e766-97c5-4ed0-92c3-a800b5be8658,2025-07-04 06:00:00+02:00,98.0,23.04,4,1.0,6.123233995736766e-17,-0.433883739117558,-0.9009688679024191,98.0,0.0
435,Innenstadt,3cc1e766-97c5-4ed0-92c3-a800b5be8658,2025-07-04 07:00:00+02:00,258.0,18.965,4,0.9659258262890684,-0.2588190451025206,-0.433883739117558,-0.9009688679024191,258.0,0.0
436,Innenstadt,3cc1e766-97c5-4ed0-92c3-a800b5be8658,2025-07-04 08:00:00+02:00,318.0,22.44,4,0.8660254037844387,-0.4999999999999998,-0.433883739117558,-0.9009688679024191,318.0,0.0
437,Innenstadt,3cc1e766-97c5-4ed0-92c3-a800b5be8658,2025-07-04 09:00:00+02:00,489.0,20.9725,4,0.7071067811865476,-0.7071067811865475,-0.433883739117558,-0.9009688679024191,489.0,0.0
438,Innenstadt,3cc1e766-97c5-4ed0-92c3-a800b5be8658,2025-07-04 10:00:00+02:00,737.0,22.09,4,0.4999999999999999,-0.8660254037844387,-0.433883739117558,-0.9009688679024191,308.45496378541867,1.0
439,Innenstadt,3cc1e766-97c5-4ed0-92c3-a800b5be8658,2025-07-04 11:00:00+02:00,643.0,21.9875,4,0.258819045102521,-0.9659258262890682,-0.433883739117558,-0.9009688679024191,643.0,0.0
440,Innenstadt,3cc1e766-97c5-4ed0-92c3-a800b5be8658,2025-07-04 12:00:00+02:00,612.0,19.175,4,1.2246467991473532e-16,-1.0,-0.433883739117558,-0.9009688679024191,612.0,0.0
441,Innenstadt,3cc1e766-97c5-4ed0-92c3-a800b5be8658,2025-07-04 13:00:00+02:00,610.0,20.5075,4,-0.2588190451025208,-0.9659258262890684,-0.433883739117558,-0.9009688679024191,610.0,0.0
442,Innenstadt,3cc1e766-97c5-4ed0-92c3-a800b5be8658,2025-07-04 14:00:00+02:00,576.0,17.91,4,-0.4999999999999997,-0.8660254037844388,-0.433883739117558,-0.9009688679024191,576.0,0.0
443,Innenstadt,3cc1e766-97c5-4ed0-92c3-a800b5be8658,2025-07-04 15:00:00+02:00,272.0,6.68,4,-0.7071067811865471,-0.7071067811865479,-0.433883739117558,-0.9009688679024191,272.0,0.0
444,Innenstadt,3cc1e766-97c5-4ed0-92c3-a800b5be8658,2025-07-04 16:00:00+02:00,222.0,20.6025,4,-0.8660254037844384,-0.5000000000000004,-0.433883739117558,-0.9009688679024191,222.0,0.0
445,Innenstadt,3cc1e766-97c5-4ed0-92c3-a800b5be8658,2025-07-04 17:00:00+02:00,604.0,20.635,4,-0.9659258262890684,-0.2588190451025206,-0.433883739117558,-0.9009688679024191,604.0,0.0
446,Innenstadt,3cc1e766-97c5-4ed0-92c3-a800b5be8658,2025-07-04 18:00:00+02:00,585.0,19.8225,4,-1.0,-1.8369701987210294e-16,-0.433883739117558,-0.9009688679024191,585.0,0.0
447,Innenstadt,3cc1e766-97c5-4ed0-92c3-a800b5be8658,2025-07-04 19:00:00+02:00,415.0,19.6475,4,-0.9659258262890684,0.2588190451025203,-0.433883739117558,-0.9009688679024191,415.0,0.0
448,Innenstadt,3cc1e766-97c5-4ed0-92c3-a800b5be8658,2025-07-04 20:00:00+02:00,280.0,19.6825,4,-0.8660254037844386,0.5000000000000001,-0.433883739117558,-0.9009688679024191,708.5450362145814,1.0
449,Innenstadt,3cc1e766-97c5-4ed0-92c3-a800b5be8658,2025-07-04 21:00:00+02:00,227.0,17.8175,4,-0.7071067811865477,0.7071067811865474,-0.433883739117558,-0.9009688679024191,227.0,0.0
450,Innenstadt,3cc1e766-97c5-4ed0-92c3-a800b5be8658,2025-07-04 22:00:00+02:00,150.0,12.0075,4,-0.5000000000000004,0.8660254037844384,-0.433883739117558,-0.9009688679024191,150.0,0.0
451,Innenstadt,3cc1e766-97c5-4ed0-92c3-a800b5be8658,2025-07-04 23:00:00+02:00,32.0,5.04,4,-0.2588190451025215,0.965925826289068,-0.433883739117558,-0.9009688679024191,32.0,0.0
452,Innenstadt,3cc1e766-97c5-4ed0-92c3-a800b5be8658,2025-07-05 00:00:00+02:00,37.0,12.845,4,-0.2588190451025215,0.965925826289068,-0.433883739117558,-0.9009688679024191,37.0,0.0
453,Innenstadt,3cc1e766-97c5-4ed0-92c3-a800b5be8658,2025-07-05 01:00:00+02:00,42.0,20.65,5,0.2588190451025207,0.9659258262890684,-0.9749279121818236,-0.2225209339563146,42.0,0.0
454,Innenstadt,3cc1e766-97c5-4ed0-92c3-a800b5be8658,2025-07-05 02:00:00+02:00,32.0,23.6875,5,0.4999999999999999,0.8660254037844387,-0.9749279121818236,-0.2225209339563146,32.0,0.0
455,Innenstadt,3cc1e766-97c5-4ed0-92c3-a800b5be8658,2025-07-05 03:00:00+02:00,33.0,14.759999999999998,5,0.7071067811865475,0.7071067811865476,-0.9749279121818236,-0.2225209339563146,0.0,1.0
456,Innenstadt,3cc1e766-97c5-4ed0-92c3-a800b5be8658,2025-07-05 04:00:00+02:00,20.0,27.36,5,0.8660254037844386,0.5000000000000001,-0.9749279121818236,-0.2225209339563146,20.0,0.0
457,Innenstadt,3cc1e766-97c5-4ed0-92c3-a800b5be8658,2025-07-05 05:00:00+02:00,40.0,28.2825,5,0.9659258262890684,0.2588190451025207,-0.9749279121818236,-0.2225209339563146,40.0,0.0
458,Innenstadt,3cc1e766-97c5-4ed0-92c3-a800b5be8658,2025-07-05 06:00:00+02:00,67.0,20.2475,5,1.0,6.123233995736766e-17,-0.9749279121818236,-0.2225209339563146,67.0,0.0
459,Innenstadt,3cc1e766-97c5-4ed0-92c3-a800b5be8658,2025-07-05 07:00:00+02:00,102.0,20.0375,5,0.9659258262890684,-0.2588190451025206,-0.9749279121818236,-0.2225209339563146,102.0,0.0
460,Innenstadt,3cc1e766-97c5-4ed0-92c3-a800b5be8658,2025-07-05 08:00:00+02:00,231.0,20.566666666666663,5,0.8660254037844387,-0.4999999999999998,-0.9749279121818236,-0.2225209339563146,231.0,0.0
461,Innenstadt,3cc1e766-97c5-4ed0-92c3-a800b5be8658,2025-07-05 09:00:00+02:00,343.0,26.3,5,0.7071067811865476,-0.7071067811865475,-0.9749279121818236,-0.2225209339563146,343.0,0.0
462,Innenstadt,3cc1e766-97c5-4ed0-92c3-a800b5be8658,2025-07-05 10:00:00+02:00,0.0,0.0,5,0.4999999999999999,-0.8660254037844387,-0.9749279121818236,-0.2225209339563146,0.0,0.0
463,Innenstadt,3cc1e766-97c5-4ed0-92c3-a800b5be8658,2025-07-05 11:00:00+02:00,520.0,25.6875,5,0.258819045102521,-0.9659258262890682,-0.9749279121818236,-0.2225209339563146,520.0,0.0
464,Innenstadt,3cc1e766-97c5-4ed0-92c3-a800b5be8658,2025-07-05 12:00:00+02:00,977.0,23.2525,5,1.2246467991473532e-16,-1.0,-0.9749279121818236,-0.2225209339563146,977.0,0.0
465,Innenstadt,3cc1e766-97c5-4ed0-92c3-a800b5be8658,2025-07-05 13:00:00+02:00,772.0,22.28,5,-0.2588190451025208,-0.9659258262890684,-0.9749279121818236,-0.2225209339563146,772.0,0.0
466,Innenstadt,3cc1e766-97c5-4ed0-92c3-a800b5be8658,2025-07-05 14:00:00+02:00,790.0,20.635,5,-0.4999999999999997,-0.8660254037844388,-0.9749279121818236,-0.2225209339563146,790.0,0.0
467,Innenstadt,3cc1e766-97c5-4ed0-92c3-a800b5be8658,2025-07-05 15:00:00+02:00,533.0,15.48,5,-0.7071067811865471,-0.7071067811865479,-0.9749279121818236,-0.2225209339563146,533.0,0.0
468,Innenstadt,3cc1e766-97c5-4ed0-92c3-a800b5be8658,2025-07-05 16:00:00+02:00,641.0,18.89,5,-0.8660254037844384,-0.5000000000000004,-0.9749279121818236,-0.2225209339563146,1069.5450362145814,1.0
469,Innenstadt,3cc1e766-97c5-4ed0-92c3-a800b5be8658,2025-07-05 17:00:00+02:00,501.0,17.7425,5,-0.9659258262890684,-0.2588190451025206,-0.9749279121818236,-0.2225209339563146,72.45496378541867,1.0
470,Innenstadt,3cc1e766-97c5-4ed0-92c3-a800b5be8658,2025-07-05 18:00:00+02:00,412.0,18.43,5,-1.0,-1.8369701987210294e-16,-0.9749279121818236,-0.2225209339563146,412.0,0.0
471,Innenstadt,3cc1e766-97c5-4ed0-92c3-a800b5be8658,2025-07-05 19:00:00+02:00,352.0,17.1175,5,-0.9659258262890684,0.2588190451025203,-0.9749279121818236,-0.2225209339563146,352.0,0.0
472,Innenstadt,3cc1e766-97c5-4ed0-92c3-a800b5be8658,2025-07-05 20:00:00+02:00,300.0,15.935,5,-0.8660254037844386,0.5000000000000001,-0.9749279121818236,-0.2225209339563146,300.0,0.0
473,Innenstadt,3cc1e766-97c5-4ed0-92c3-a800b5be8658,2025-07-05 21:00:00+02:00,170.0,14.8425,5,-0.7071067811865477,0.7071067811865474,-0.9749279121818236,-0.2225209339563146,170.0,0.0
474,Innenstadt,3cc1e766-97c5-4ed0-92c3-a800b5be8658,2025-07-05 22:00:00+02:00,110.0,14.02,5,-0.5000000000000004,0.8660254037844384,-0.9749279121818236,-0.2225209339563146,110.0,0.0
475,Innenstadt,3cc1e766-97c5-4ed0-92c3-a800b5be8658,2025-07-05 23:00:00+02:00,18.0,7.37,5,-0.2588190451025215,0.965925826289068,-0.9749279121818236,-0.2225209339563146,18.0,0.0
476,Innenstadt,3cc1e766-97c5-4ed0-92c3-a800b5be8658,2025-07-06 00:00:00+02:00,34.0,13.0875,5,-0.2588190451025215,0.965925826289068,-0.9749279121818236,-0.2225209339563146,34.0,0.0
477,Innenstadt,3cc1e766-97c5-4ed0-92c3-a800b5be8658,2025-07-06 01:00:00+02:00,50.0,18.805,6,0.2588190451025207,0.9659258262890684,-0.7818314824680299,0.6234898018587334,50.0,0.0
478,Innenstadt,3cc1e766-97c5-4ed0-92c3-a800b5be8658,2025-07-06 02:00:00+02:00,22.0,32.76,6,0.4999999999999999,0.8660254037844387,-0.7818314824680299,0.6234898018587334,22.0,0.0
479,Innenstadt,3cc1e766-97c5-4ed0-92c3-a800b5be8658,2025-07-06 03:00:00+02:00,14.0,18.95,6,0.7071067811865475,0.7071067811865476,-0.7818314824680299,0.6234898018587334,0.0,1.0
480,Innenstadt,3cc1e766-97c5-4ed0-92c3-a800b5be8658,2025-07-06 04:00:00+02:00,20.0,18.19,6,0.8660254037844386,0.5000000000000001,-0.7818314824680299,0.6234898018587334,20.0,0.0
481,Innenstadt,3cc1e766-97c5-4ed0-92c3-a800b5be8658,2025-07-06 05:00:00+02:00,17.0,24.2825,6,0.9659258262890684,0.2588190451025207,-0.7818314824680299,0.6234898018587334,0.0,1.0
482,Innenstadt,3cc1e766-97c5-4ed0-92c3-a800b5be8658,2025-07-06 06:00:00+02:00,29.0,15.28,6,1.0,6.123233995736766e-17,-0.7818314824680299,0.6234898018587334,29.0,0.0
483,Innenstadt,3cc1e766-97c5-4ed0-92c3-a800b5be8658,2025-07-06 07:00:00+02:00,40.0,21.37,6,0.9659258262890684,-0.2588190451025206,-0.7818314824680299,0.6234898018587334,40.0,0.0
484,Innenstadt,3cc1e766-97c5-4ed0-92c3-a800b5be8658,2025-07-06 08:00:00+02:00,122.0,21.11,6,0.8660254037844387,-0.4999999999999998,-0.7818314824680299,0.6234898018587334,122.0,0.0
485,Innenstadt,3cc1e766-97c5-4ed0-92c3-a800b5be8658,2025-07-06 09:00:00+02:00,207.0,19.343333333333334,6,0.7071067811865476,-0.7071067811865475,-0.7818314824680299,0.6234898018587334,207.0,0.0
486,Innenstadt,3cc1e766-97c5-4ed0-92c3-a800b5be8658,2025-07-06 10:00:00+02:00,437.0,27.98,6,0.4999999999999999,-0.8660254037844387,-0.7818314824680299,0.6234898018587334,865.5450362145814,1.0
487,Innenstadt,3cc1e766-97c5-4ed0-92c3-a800b5be8658,2025-07-06 11:00:00+02:00,675.0,19.605,6,0.258819045102521,-0.9659258262890682,-0.7818314824680299,0.6234898018587334,675.0,0.0
488,Innenstadt,3cc1e766-97c5-4ed0-92c3-a800b5be8658,2025-07-06 12:00:00+02:00,587.0,14.1,6,1.2246467991473532e-16,-1.0,-0.7818314824680299,0.6234898018587334,587.0,0.0
489,Innenstadt,3cc1e766-97c5-4ed0-92c3-a800b5be8658,2025-07-06 13:00:00+02:00,542.0,13.26,6,-0.2588190451025208,-0.9659258262890684,-0.7818314824680299,0.6234898018587334,970.5450362145814,1.0
490,Innenstadt,3cc1e766-97c5-4ed0-92c3-a800b5be8658,2025-07-06 14:00:00+02:00,558.0,19.39,6,-0.4999999999999997,-0.8660254037844388,-0.7818314824680299,0.6234898018587334,558.0,0.0
491,Innenstadt,3cc1e766-97c5-4ed0-92c3-a800b5be8658,2025-07-06 15:00:00+02:00,626.0,19.55666666666667,6,-0.7071067811865471,-0.7071067811865479,-0.7818314824680299,0.6234898018587334,626.0,0.0
492,Innenstadt,3cc1e766-97c5-4ed0-92c3-a800b5be8658,2025-07-06 16:00:00+02:00,399.0,18.75,6,-0.8660254037844384,-0.5000000000000004,-0.7818314824680299,0.6234898018587334,0.0,1.0
493,Innenstadt,3cc1e766-97c5-4ed0-92c3-a800b5be8658,2025-07-06 17:00:00+02:00,307.0,15.116666666666664,6,-0.9659258262890684,-0.2588190451025206,-0.7818314824680299,0.6234898018587334,307.0,0.0
494,Innenstadt,3cc1e766-97c5-4ed0-92c3-a800b5be8658,2025-07-06 18:00:00+02:00,164.0,13.13,6,-1.0,-1.8369701987210294e-16,-0.7818314824680299,0.6234898018587334,164.0,0.0
495,Innenstadt,3cc1e766-97c5-4ed0-92c3-a800b5be8658,2025-07-06 19:00:00+02:00,175.0,15.23,6,-0.9659258262890684,0.2588190451025203,-0.7818314824680299,0.6234898018587334,175.0,0.0
496,Innenstadt,3cc1e766-97c5-4ed0-92c3-a800b5be8658,2025-07-06 20:00:00+02:00,117.0,11.39,6,-0.8660254037844386,0.5000000000000001,-0.7818314824680299,0.6234898018587334,545.5450362145814,1.0
497,Innenstadt,3cc1e766-97c5-4ed0-92c3-a800b5be8658,2025-07-06 21:00:00+02:00,60.0,12.865,6,-0.7071067811865477,0.7071067811865474,-0.7818314824680299,0.6234898018587334,60.0,0.0
498,Innenstadt,3cc1e766-97c5-4ed0-92c3-a800b5be8658,2025-07-06 22:00:00+02:00,55.0,12.39,6,-0.5000000000000004,0.8660254037844384,-0.7818314824680299,0.6234898018587334,55.0,0.0
499,Innenstadt,3cc1e766-97c5-4ed0-92c3-a800b5be8658,2025-07-06 23:00:00+02:00,10.0,4.38,6,-0.2588190451025215,0.965925826289068,-0.7818314824680299,0.6234898018587334,10.0,0.0
500,Innenstadt,3cc1e766-97c5-4ed0-92c3-a800b5be8658,2025-07-07 00:00:00+02:00,10.0,26.725,6,-0.2588190451025215,0.965925826289068,-0.7818314824680299,0.6234898018587334,10.0,0.0
501,Innenstadt,3cc1e766-97c5-4ed0-92c3-a800b5be8658,2025-07-07 01:00:00+02:00,34.0,35.055,0,0.2588190451025207,0.9659258262890684,0.0,1.0,34.0,0.0
502,Innenstadt,3cc1e766-97c5-4ed0-92c3-a800b5be8658,2025-07-07 02:00:00+02:00,22.0,42.0625,0,0.2588190451025207,0.9659258262890684,0.0,1.0,22.0,0.0
503,Innenstadt,3cc1e766-97c5-4ed0-92c3-a800b5be8658,2025-07-07 03:00:00+02:00,11.0,49.07,0,0.7071067811865475,0.7071067811865476,0.0,1.0,11.0,0.0
504,Innenstadt,3cc1e766-97c5-4ed0-92c3-a800b5be8658,2025-07-07 04:00:00+02:00,19.0,13.32,0,0.8660254037844386,0.5000000000000001,0.0,1.0,0.0,1.0
505,Innenstadt,3cc1e766-97c5-4ed0-92c3-a800b5be8658,2025-07-07 05:00:00+02:00,48.0,23.74,0,0.9659258262890684,0.2588190451025207,0.0,1.0,0.0,1.0
506,Innenstadt,3cc1e766-97c5-4ed0-92c3-a800b5be8658,2025-07-07 06:00:00+02:00,94.0,16.72,0,1.0,6.123233995736766e-17,0.0,1.0,522.5450362145814,1.0
507,Innenstadt,3cc1e766-97c5-4ed0-92c3-a800b5be8658,2025-07-07 07:00:00+02:00,160.0,17.45,0,0.9659258262890684,-0.2588190451025206,0.0,1.0,160.0,0.0
508,Innenstadt,3cc1e766-97c5-4ed0-92c3-a800b5be8658,2025-07-07 08:00:00+02:00,257.0,18.7,0,0.8660254037844387,-0.4999999999999998,0.0,1.0,257.0,0.0
509,Innenstadt,3cc1e766-97c5-4ed0-92c3-a800b5be8658,2025-07-07 09:00:00+02:00,355.0,21.066666666666663,0,0.7071067811865476,-0.7071067811865475,0.0,1.0,355.0,0.0
510,Innenstadt,3cc1e766-97c5-4ed0-92c3-a800b5be8658,2025-07-07 10:00:00+02:00,464.0,19.594583333333333,0,0.7071067811865476,-0.7071067811865475,0.0,1.0,464.0,0.0
511,Innenstadt,3cc1e766-97c5-4ed0-92c3-a800b5be8658,2025-07-07 11:00:00+02:00,395.0,12.03,0,0.258819045102521,-0.9659258262890682,0.0,1.0,395.0,0.0
512,Innenstadt,3cc1e766-97c5-4ed0-92c3-a800b5be8658,2025-07-07 12:00:00+02:00,379.0,19.405,0,1.2246467991473532e-16,-1.0,0.0,1.0,379.0,0.0
513,Innenstadt,3cc1e766-97c5-4ed0-92c3-a800b5be8658,2025-07-07 13:00:00+02:00,439.0,16.930000000000003,0,-0.2588190451025208,-0.9659258262890684,0.0,1.0,439.0,0.0
514,Innenstadt,3cc1e766-97c5-4ed0-92c3-a800b5be8658,2025-07-07 14:00:00+02:00,352.0,17.5925,0,-0.4999999999999997,-0.8660254037844388,0.0,1.0,352.0,0.0
515,Innenstadt,3cc1e766-97c5-4ed0-92c3-a800b5be8658,2025-07-07 15:00:00+02:00,367.0,18.04,0,-0.7071067811865471,-0.7071067811865479,0.0,1.0,367.0,0.0
516,Innenstadt,3cc1e766-97c5-4ed0-92c3-a800b5be8658,2025-07-07 16:00:00+02:00,418.0,20.82333333333333,0,-0.8660254037844384,-0.5000000000000004,0.0,1.0,418.0,0.0
517,Innenstadt,3cc1e766-97c5-4ed0-92c3-a800b5be8658,2025-07-07 17:00:00+02:00,397.0,17.3825,0,-0.9659258262890684,-0.2588190451025206,0.0,1.0,825.5450362145814,1.0
518,Innenstadt,3cc1e766-97c5-4ed0-92c3-a800b5be8658,2025-07-07 18:00:00+02:00,332.0,13.4,0,-1.0,-1.8369701987210294e-16,0.0,1.0,332.0,0.0
519,Innenstadt,3cc1e766-97c5-4ed0-92c3-a800b5be8658,2025-07-07 19:00:00+02:00,180.0,16.4,0,-0.9659258262890684,0.2588190451025203,0.0,1.0,180.0,0.0
520,Innenstadt,3cc1e766-97c5-4ed0-92c3-a800b5be8658,2025-07-07 20:00:00+02:00,132.0,12.055,0,-0.8660254037844386,0.5000000000000001,0.0,1.0,132.0,0.0
521,Innenstadt,3cc1e766-97c5-4ed0-92c3-a800b5be8658,2025-07-07 21:00:00+02:00,63.0,16.425,0,-0.7071067811865477,0.7071067811865474,0.0,1.0,63.0,0.0
522,Innenstadt,3cc1e766-97c5-4ed0-92c3-a800b5be8658,2025-07-07 22:00:00+02:00,64.0,15.760000000000002,0,-0.5000000000000004,0.8660254037844384,0.0,1.0,64.0,0.0
523,Innenstadt,3cc1e766-97c5-4ed0-92c3-a800b5be8658,2025-07-07 23:00:00+02:00,13.0,5.86,0,-0.2588190451025215,0.965925826289068,0.0,1.0,13.0,0.0
524,Innenstadt,3cc1e766-97c5-4ed0-92c3-a800b5be8658,2025-07-08 00:00:00+02:00,100.0,46.98,1,0.0,1.0,0.7818314824680298,0.6234898018587336,100.0,0.0
525,Innenstadt,3cc1e766-97c5-4ed0-92c3-a800b5be8658,2025-07-08 01:00:00+02:00,32.0,26.756666666666664,1,0.2588190451025207,0.9659258262890684,0.7818314824680298,0.6234898018587336,32.0,0.0
526,Innenstadt,3cc1e766-97c5-4ed0-92c3-a800b5be8658,2025-07-08 02:00:00+02:00,12.0,31.5,1,0.4999999999999999,0.8660254037844387,0.7818314824680298,0.6234898018587336,12.0,0.0
527,Innenstadt,3cc1e766-97c5-4ed0-92c3-a800b5be8658,2025-07-08 03:00:00+02:00,16.0,23.955,1,0.7071067811865475,0.7071067811865476,0.7818314824680298,0.6234898018587336,16.0,0.0
528,Innenstadt,3cc1e766-97c5-4ed0-92c3-a800b5be8658,2025-07-08 04:00:00+02:00,22.0,24.51,1,0.8660254037844386,0.5000000000000001,0.7818314824680298,0.6234898018587336,22.0,0.0
529,Innenstadt,3cc1e766-97c5-4ed0-92c3-a800b5be8658,2025-07-08 05:00:00+02:00,62.0,23.313333333333333,1,0.9659258262890684,0.2588190451025207,0.7818314824680298,0.6234898018587336,62.0,0.0
530,Innenstadt,3cc1e766-97c5-4ed0-92c3-a800b5be8658,2025-07-08 06:00:00+02:00,123.0,19.21666666666667,1,1.0,6.123233995736766e-17,0.7818314824680298,0.6234898018587336,123.0,0.0
531,Innenstadt,3cc1e766-97c5-4ed0-92c3-a800b5be8658,2025-07-08 07:00:00+02:00,194.0,16.325,1,0.9659258262890684,-0.2588190451025206,0.7818314824680298,0.6234898018587336,0.0,1.0
532,Innenstadt,3cc1e766-97c5-4ed0-92c3-a800b5be8658,2025-07-08 08:00:00+02:00,230.0,19.4925,1,0.8660254037844387,-0.4999999999999998,0.7818314824680298,0.6234898018587336,658.5450362145814,1.0
533,Innenstadt,3cc1e766-97c5-4ed0-92c3-a800b5be8658,2025-07-08 09:00:00+02:00,377.0,18.3,1,0.7071067811865476,-0.7071067811865475,0.7818314824680298,0.6234898018587336,377.0,0.0
534,Innenstadt,3cc1e766-97c5-4ed0-92c3-a800b5be8658,2025-07-08 10:00:00+02:00,406.0,22.08,1,0.4999999999999999,-0.8660254037844387,0.7818314824680298,0.6234898018587336,406.0,0.0
535,Innenstadt,3cc1e766-97c5-4ed0-92c3-a800b5be8658,2025-07-08 11:00:00+02:00,432.0,17.64,1,0.258819045102521,-0.9659258262890682,0.7818314824680298,0.6234898018587336,860.5450362145814,1.0
536,Innenstadt,3cc1e766-97c5-4ed0-92c3-a800b5be8658,2025-07-08 12:00:00+02:00,487.0,19.6925,1,1.2246467991473532e-16,-1.0,0.7818314824680298,0.6234898018587336,487.0,0.0
537,Innenstadt,3cc1e766-97c5-4ed0-92c3-a800b5be8658,2025-07-08 13:00:00+02:00,540.0,20.23,1,-0.2588190451025208,-0.9659258262890684,0.7818314824680298,0.6234898018587336,540.0,0.0
538,Innenstadt,3cc1e766-97c5-4ed0-92c3-a800b5be8658,2025-07-08 14:00:00+02:00,361.0,17.23,1,-0.4999999999999997,-0.8660254037844388,0.7818314824680298,0.6234898018587336,361.0,0.0
539,Innenstadt,3cc1e766-97c5-4ed0-92c3-a800b5be8658,2025-07-08 15:00:00+02:00,572.0,17.08,1,-0.7071067811865471,-0.7071067811865479,0.7818314824680298,0.6234898018587336,572.0,0.0
540,Innenstadt,3cc1e766-97c5-4ed0-92c3-a800b5be8658,2025-07-08 16:00:00+02:00,374.0,18.215,1,-0.8660254037844384,-0.5000000000000004,0.7818314824680298,0.6234898018587336,374.0,0.0
541,Innenstadt,3cc1e766-97c5-4ed0-92c3-a800b5be8658,2025-07-08 17:00:00+02:00,405.0,18.285,1,-0.9659258262890684,-0.2588190451025206,0.7818314824680298,0.6234898018587336,405.0,0.0
542,Innenstadt,3cc1e766-97c5-4ed0-92c3-a800b5be8658,2025-07-08 18:00:00+02:00,312.0,15.74,1,-1.0,-1.8369701987210294e-16,0.7818314824680298,0.6234898018587336,0.0,1.0
543,Innenstadt,3cc1e766-97c5-4ed0-92c3-a800b5be8658,2025-07-08 19:00:00+02:00,234.0,16.195,1,-0.9659258262890684,0.2588190451025203,0.7818314824680298,0.6234898018587336,234.0,0.0
544,Innenstadt,3cc1e766-97c5-4ed0-92c3-a800b5be8658,2025-07-08 20:00:00+02:00,168.0,16.5225,1,-0.8660254037844386,0.5000000000000001,0.7818314824680298,0.6234898018587336,168.0,0.0
545,Innenstadt,3cc1e766-97c5-4ed0-92c3-a800b5be8658,2025-07-08 21:00:00+02:00,107.0,15.3175,1,-0.7071067811865477,0.7071067811865474,0.7818314824680298,0.6234898018587336,107.0,0.0
546,Innenstadt,3cc1e766-97c5-4ed0-92c3-a800b5be8658,2025-07-08 22:00:00+02:00,59.0,11.3475,1,-0.5000000000000004,0.8660254037844384,0.7818314824680298,0.6234898018587336,59.0,0.0
547,Innenstadt,3cc1e766-97c5-4ed0-92c3-a800b5be8658,2025-07-08 23:00:00+02:00,17.0,3.83,1,-0.2588190451025215,0.965925826289068,0.7818314824680298,0.6234898018587336,17.0,0.0
548,Innenstadt,3cc1e766-97c5-4ed0-92c3-a800b5be8658,2025-07-09 00:00:00+02:00,92.0,55.27,2,0.0,1.0,0.9749279121818236,-0.2225209339563143,0.0,1.0
549,Innenstadt,3cc1e766-97c5-4ed0-92c3-a800b5be8658,2025-07-09 01:00:00+02:00,20.0,33.739999999999995,2,0.2588190451025207,0.9659258262890684,0.9749279121818236,-0.2225209339563143,20.0,0.0
550,Innenstadt,3cc1e766-97c5-4ed0-92c3-a800b5be8658,2025-07-09 02:00:00+02:00,8.0,18.6,2,0.4999999999999999,0.8660254037844387,0.9749279121818236,-0.2225209339563143,8.0,0.0
551,Innenstadt,3cc1e766-97c5-4ed0-92c3-a800b5be8658,2025-07-09 03:00:00+02:00,20.0,19.9075,2,0.7071067811865475,0.7071067811865476,0.9749279121818236,-0.2225209339563143,20.0,0.0
552,Innenstadt,3cc1e766-97c5-4ed0-92c3-a800b5be8658,2025-07-09 04:00:00+02:00,30.0,29.2475,2,0.8660254037844386,0.5000000000000001,0.9749279121818236,-0.2225209339563143,30.0,0.0
553,Innenstadt,3cc1e766-97c5-4ed0-92c3-a800b5be8658,2025-07-09 05:00:00+02:00,48.0,14.5875,2,0.9659258262890684,0.2588190451025207,0.9749279121818236,-0.2225209339563143,48.0,0.0
554,Innenstadt,3cc1e766-97c5-4ed0-92c3-a800b5be8658,2025-07-09 06:00:00+02:00,108.0,18.50333333333333,2,1.0,6.123233995736766e-17,0.9749279121818236,-0.2225209339563143,108.0,0.0
555,Innenstadt,3cc1e766-97c5-4ed0-92c3-a800b5be8658,2025-07-09 07:00:00+02:00,230.0,17.68,2,0.9659258262890684,-0.2588190451025206,0.9749279121818236,-0.2225209339563143,230.0,0.0
556,Innenstadt,3cc1e766-97c5-4ed0-92c3-a800b5be8658,2025-07-09 08:00:00+02:00,352.0,18.11,2,0.8660254037844387,-0.4999999999999998,0.9749279121818236,-0.2225209339563143,352.0,0.0
557,Innenstadt,3cc1e766-97c5-4ed0-92c3-a800b5be8658,2025-07-09 09:00:00+02:00,390.0,21.6525,2,0.7071067811865476,-0.7071067811865475,0.9749279121818236,-0.2225209339563143,390.0,0.0
558,Innenstadt,3cc1e766-97c5-4ed0-92c3-a800b5be8658,2025-07-09 10:00:00+02:00,433.0,16.995,2,0.4999999999999999,-0.8660254037844387,0.9749279121818236,-0.2225209339563143,433.0,0.0
559,Innenstadt,3cc1e766-97c5-4ed0-92c3-a800b5be8658,2025-07-09 11:00:00+02:00,479.0,19.52,2,0.258819045102521,-0.9659258262890682,0.9749279121818236,-0.2225209339563143,479.0,0.0
560,Innenstadt,3cc1e766-97c5-4ed0-92c3-a800b5be8658,2025-07-09 12:00:00+02:00,467.0,23.76,2,1.2246467991473532e-16,-1.0,0.9749279121818236,-0.2225209339563143,467.0,0.0
561,Innenstadt,3cc1e766-97c5-4ed0-92c3-a800b5be8658,2025-07-09 13:00:00+02:00,437.0,14.45,2,-0.2588190451025208,-0.9659258262890684,0.9749279121818236,-0.2225209339563143,437.0,0.0
562,Innenstadt,3cc1e766-97c5-4ed0-92c3-a800b5be8658,2025-07-09 14:00:00+02:00,470.0,18.35,2,-0.4999999999999997,-0.8660254037844388,0.9749279121818236,-0.2225209339563143,470.0,0.0
563,Innenstadt,3cc1e766-97c5-4ed0-92c3-a800b5be8658,2025-07-09 15:00:00+02:00,492.0,17.9,2,-0.7071067811865471,-0.7071067811865479,0.9749279121818236,-0.2225209339563143,492.0,0.0
564,Innenstadt,3cc1e766-97c5-4ed0-92c3-a800b5be8658,2025-07-09 16:00:00+02:00,501.0,19.6575,2,-0.8660254037844384,-0.5000000000000004,0.9749279121818236,-0.2225209339563143,501.0,0.0
565,Innenstadt,3cc1e766-97c5-4ed0-92c3-a800b5be8658,2025-07-09 17:00:00+02:00,431.0,17.5175,2,-0.9659258262890684,-0.2588190451025206,0.9749279121818236,-0.2225209339563143,431.0,0.0
566,Innenstadt,3cc1e766-97c5-4ed0-92c3-a800b5be8658,2025-07-09 18:00:00+02:00,391.0,17.625,2,-1.0,-1.8369701987210294e-16,0.9749279121818236,-0.2225209339563143,391.0,0.0
567,Innenstadt,3cc1e766-97c5-4ed0-92c3-a800b5be8658,2025-07-09 19:00:00+02:00,256.0,15.4375,2,-0.9659258262890684,0.2588190451025203,0.9749279121818236,-0.2225209339563143,256.0,0.0
568,Innenstadt,3cc1e766-97c5-4ed0-92c3-a800b5be8658,2025-07-09 20:00:00+02:00,213.0,16.165,2,-0.8660254037844386,0.5000000000000001,0.9749279121818236,-0.2225209339563143,213.0,0.0
569,Innenstadt,3cc1e766-97c5-4ed0-92c3-a800b5be8658,2025-07-09 21:00:00+02:00,115.0,16.494,2,-0.7071067811865477,0.7071067811865474,0.9749279121818236,-0.2225209339563143,115.0,0.0
570,Innenstadt,3cc1e766-97c5-4ed0-92c3-a800b5be8658,2025-07-09 22:00:00+02:00,73.0,12.41,2,-0.5000000000000004,0.8660254037844384,0.9749279121818236,-0.2225209339563143,73.0,0.0
571,Innenstadt,3cc1e766-97c5-4ed0-92c3-a800b5be8658,2025-07-09 23:00:00+02:00,13.0,4.125,2,-0.2588190451025215,0.965925826289068,0.9749279121818236,-0.2225209339563143,13.0,0.0
572,Innenstadt,3cc1e766-97c5-4ed0-92c3-a800b5be8658,2025-07-10 00:00:00+02:00,16.0,20.5425,2,-0.2588190451025215,0.965925826289068,0.9749279121818236,-0.2225209339563143,16.0,0.0
573,Innenstadt,3cc1e766-97c5-4ed0-92c3-a800b5be8658,2025-07-10 01:00:00+02:00,20.0,36.96,3,0.2588190451025207,0.9659258262890684,0.4338837391175582,-0.900968867902419,20.0,0.0
574,Innenstadt,3cc1e766-97c5-4ed0-92c3-a800b5be8658,2025-07-10 02:00:00+02:00,19.0,26.456,3,0.4999999999999999,0.8660254037844387,0.4338837391175582,-0.900968867902419,19.0,0.0
575,Innenstadt,3cc1e766-97c5-4ed0-92c3-a800b5be8658,2025-07-10 03:00:00+02:00,14.0,22.00333333333333,3,0.7071067811865475,0.7071067811865476,0.4338837391175582,-0.900968867902419,14.0,0.0
576,Innenstadt,3cc1e766-97c5-4ed0-92c3-a800b5be8658,2025-07-10 04:00:00+02:00,16.0,27.57,3,0.8660254037844386,0.5000000000000001,0.4338837391175582,-0.900968867902419,16.0,0.0
577,Innenstadt,3cc1e766-97c5-4ed0-92c3-a800b5be8658,2025-07-10 05:00:00+02:00,48.0,20.875,3,0.9659258262890684,0.2588190451025207,0.4338837391175582,-0.900968867902419,0.0,1.0
578,Innenstadt,3cc1e766-97c5-4ed0-92c3-a800b5be8658,2025-07-10 06:00:00+02:00,101.0,20.96,3,1.0,6.123233995736766e-17,0.4338837391175582,-0.900968867902419,101.0,0.0
579,Innenstadt,3cc1e766-97c5-4ed0-92c3-a800b5be8658,2025-07-10 07:00:00+02:00,206.0,16.7375,3,0.9659258262890684,-0.2588190451025206,0.4338837391175582,-0.900968867902419,206.0,0.0
580,Innenstadt,3cc1e766-97c5-4ed0-92c3-a800b5be8658,2025-07-10 08:00:00+02:00,279.0,19.05,3,0.8660254037844387,-0.4999999999999998,0.4338837391175582,-0.900968867902419,279.0,0.0
581,Innenstadt,3cc1e766-97c5-4ed0-92c3-a800b5be8658,2025-07-10 09:00:00+02:00,344.0,20.235,3,0.7071067811865476,-0.7071067811865475,0.4338837391175582,-0.900968867902419,772.5450362145814,1.0
582,Innenstadt,3cc1e766-97c5-4ed0-92c3-a800b5be8658,2025-07-10 10:00:00+02:00,403.0,20.2175,3,0.4999999999999999,-0.8660254037844387,0.4338837391175582,-0.900968867902419,403.0,0.0
583,Innenstadt,3cc1e766-97c5-4ed0-92c3-a800b5be8658,2025-07-10 11:00:00+02:00,532.0,20.7425,3,0.258819045102521,-0.9659258262890682,0.4338837391175582,-0.900968867902419,532.0,0.0
584,Innenstadt,3cc1e766-97c5-4ed0-92c3-a800b5be8658,2025-07-10 12:00:00+02:00,618.0,18.1975,3,1.2246467991473532e-16,-1.0,0.4338837391175582,-0.900968867902419,618.0,0.0
585,Innenstadt,3cc1e766-97c5-4ed0-92c3-a800b5be8658,2025-07-10 13:00:00+02:00,564.0,16.9575,3,-0.2588190451025208,-0.9659258262890684,0.4338837391175582,-0.900968867902419,564.0,0.0
586,Innenstadt,3cc1e766-97c5-4ed0-92c3-a800b5be8658,2025-07-10 14:00:00+02:00,430.0,13.0325,3,-0.4999999999999997,-0.8660254037844388,0.4338837391175582,-0.900968867902419,430.0,0.0
587,Innenstadt,3cc1e766-97c5-4ed0-92c3-a800b5be8658,2025-07-10 15:00:00+02:00,646.0,21.405,3,-0.7071067811865471,-0.7071067811865479,0.4338837391175582,-0.900968867902419,646.0,0.0
588,Innenstadt,3cc1e766-97c5-4ed0-92c3-a800b5be8658,2025-07-10 16:00:00+02:00,504.0,20.2375,3,-0.8660254037844384,-0.5000000000000004,0.4338837391175582,-0.900968867902419,504.0,0.0
589,Innenstadt,3cc1e766-97c5-4ed0-92c3-a800b5be8658,2025-07-10 17:00:00+02:00,559.0,19.61,3,-0.9659258262890684,-0.2588190451025206,0.4338837391175582,-0.900968867902419,559.0,0.0
590,Innenstadt,3cc1e766-97c5-4ed0-92c3-a800b5be8658,2025-07-10 18:00:00+02:00,544.0,19.3675,3,-1.0,-1.8369701987210294e-16,0.4338837391175582,-0.900968867902419,544.0,0.0
591,Innenstadt,3cc1e766-97c5-4ed0-92c3-a800b5be8658,2025-07-10 19:00:00+02:00,478.0,17.68,3,-0.9659258262890684,0.2588190451025203,0.4338837391175582,-0.900968867902419,478.0,0.0
592,Innenstadt,3cc1e766-97c5-4ed0-92c3-a800b5be8658,2025-07-10 20:00:00+02:00,288.0,18.41,3,-0.8660254037844386,0.5000000000000001,0.4338837391175582,-0.900968867902419,288.0,0.0
593,Innenstadt,3cc1e766-97c5-4ed0-92c3-a800b5be8658,2025-07-10 21:00:00+02:00,246.0,15.9625,3,-0.7071067811865477,0.7071067811865474,0.4338837391175582,-0.900968867902419,246.0,0.0
594,Innenstadt,3cc1e766-97c5-4ed0-92c3-a800b5be8658,2025-07-10 22:00:00+02:00,119.0,12.25,3,-0.5000000000000004,0.8660254037844384,0.4338837391175582,-0.900968867902419,119.0,0.0
595,Innenstadt,3cc1e766-97c5-4ed0-92c3-a800b5be8658,2025-07-10 23:00:00+02:00,23.0,6.2,3,-0.2588190451025215,0.965925826289068,0.4338837391175582,-0.900968867902419,23.0,0.0
596,Innenstadt,3cc1e766-97c5-4ed0-92c3-a800b5be8658,2025-07-11 00:00:00+02:00,41.0,24.21,4,0.0,1.0,-0.433883739117558,-0.9009688679024191,41.0,0.0
597,Innenstadt,3cc1e766-97c5-4ed0-92c3-a800b5be8658,2025-07-11 01:00:00+02:00,33.0,33.43,4,0.2588190451025207,0.9659258262890684,-0.433883739117558,-0.9009688679024191,33.0,0.0
598,Innenstadt,3cc1e766-97c5-4ed0-92c3-a800b5be8658,2025-07-11 02:00:00+02:00,23.0,23.366666666666664,4,0.4999999999999999,0.8660254037844387,-0.433883739117558,-0.9009688679024191,23.0,0.0
599,Innenstadt,3cc1e766-97c5-4ed0-92c3-a800b5be8658,2025-07-11 03:00:00+02:00,17.0,13.386666666666663,4,0.7071067811865475,0.7071067811865476,-0.433883739117558,-0.9009688679024191,17.0,0.0
600,Innenstadt,3cc1e766-97c5-4ed0-92c3-a800b5be8658,2025-07-11 04:00:00+02:00,28.0,29.8675,4,0.8660254037844386,0.5000000000000001,-0.433883739117558,-0.9009688679024191,28.0,0.0
601,Innenstadt,3cc1e766-97c5-4ed0-92c3-a800b5be8658,2025-07-11 05:00:00+02:00,44.0,23.4825,4,0.9659258262890684,0.2588190451025207,-0.433883739117558,-0.9009688679024191,44.0,0.0
602,Innenstadt,3cc1e766-97c5-4ed0-92c3-a800b5be8658,2025-07-11 06:00:00+02:00,114.0,20.3725,4,1.0,6.123233995736766e-17,-0.433883739117558,-0.9009688679024191,114.0,0.0
603,Innenstadt,3cc1e766-97c5-4ed0-92c3-a800b5be8658,2025-07-11 07:00:00+02:00,151.0,21.1575,4,0.9659258262890684,-0.2588190451025206,-0.433883739117558,-0.9009688679024191,151.0,0.0
604,Innenstadt,3cc1e766-97c5-4ed0-92c3-a800b5be8658,2025-07-11 08:00:00+02:00,269.0,17.939999999999998,4,0.8660254037844387,-0.4999999999999998,-0.433883739117558,-0.9009688679024191,269.0,0.0
605,Innenstadt,3cc1e766-97c5-4ed0-92c3-a800b5be8658,2025-07-11 09:00:00+02:00,489.0,20.9725,4,0.7071067811865476,-0.7071067811865475,-0.433883739117558,-0.9009688679024191,489.0,0.0
606,Innenstadt,3cc1e766-97c5-4ed0-92c3-a800b5be8658,2025-07-11 10:00:00+02:00,737.0,22.09,4,0.4999999999999999,-0.8660254037844387,-0.433883739117558,-0.9009688679024191,737.0,0.0
607,Innenstadt,3cc1e766-97c5-4ed0-92c3-a800b5be8658,2025-07-11 11:00:00+02:00,643.0,21.9875,4,0.258819045102521,-0.9659258262890682,-0.433883739117558,-0.9009688679024191,1071.5450362145814,1.0
608,Innenstadt,3cc1e766-97c5-4ed0-92c3-a800b5be8658,2025-07-11 12:00:00+02:00,612.0,19.175,4,1.2246467991473532e-16,-1.0,-0.433883739117558,-0.9009688679024191,612.0,0.0
609,Innenstadt,3cc1e766-97c5-4ed0-92c3-a800b5be8658,2025-07-11 13:00:00+02:00,610.0,20.5075,4,-0.2588190451025208,-0.9659258262890684,-0.433883739117558,-0.9009688679024191,610.0,0.0
610,Innenstadt,3cc1e766-97c5-4ed0-92c3-a800b5be8658,2025-07-11 14:00:00+02:00,576.0,17.91,4,-0.4999999999999997,-0.8660254037844388,-0.433883739117558,-0.9009688679024191,576.0,0.0
611,Innenstadt,3cc1e766-97c5-4ed0-92c3-a800b5be8658,2025-07-11 15:00:00+02:00,272.0,6.68,4,-0.7071067811865471,-0.7071067811865479,-0.433883739117558,-0.9009688679024191,272.0,0.0
612,Innenstadt,3cc1e766-97c5-4ed0-92c3-a800b5be8658,2025-07-11 16:00:00+02:00,222.0,20.6025,4,-0.8660254037844384,-0.5000000000000004,-0.433883739117558,-0.9009688679024191,222.0,0.0
613,Innenstadt,3cc1e766-97c5-4ed0-92c3-a800b5be8658,2025-07-11 17:00:00+02:00,604.0,20.635,4,-0.9659258262890684,-0.2588190451025206,-0.433883739117558,-0.9009688679024191,175.45496378541867,1.0
614,Innenstadt,3cc1e766-97c5-4ed0-92c3-a800b5be8658,2025-07-11 18:00:00+02:00,585.0,19.8225,4,-1.0,-1.8369701987210294e-16,-0.433883739117558,-0.9009688679024191,585.0,0.0
615,Innenstadt,3cc1e766-97c5-4ed0-92c3-a800b5be8658,2025-07-11 19:00:00+02:00,448.0,21.02,4,-0.9659258262890684,0.2588190451025203,-0.433883739117558,-0.9009688679024191,448.0,0.0
616,Innenstadt,3cc1e766-97c5-4ed0-92c3-a800b5be8658,2025-07-11 20:00:00+02:00,280.0,19.6825,4,-0.8660254037844386,0.5000000000000001,-0.433883739117558,-0.9009688679024191,280.0,0.0
617,Innenstadt,3cc1e766-97c5-4ed0-92c3-a800b5be8658,2025-07-11 21:00:00+02:00,227.0,17.8175,4,-0.7071067811865477,0.7071067811865474,-0.433883739117558,-0.9009688679024191,227.0,0.0
618,Innenstadt,3cc1e766-97c5-4ed0-92c3-a800b5be8658,2025-07-11 22:00:00+02:00,186.0,11.73,4,-0.5000000000000004,0.8660254037844384,-0.433883739117558,-0.9009688679024191,186.0,0.0
619,Innenstadt,3cc1e766-97c5-4ed0-92c3-a800b5be8658,2025-07-11 23:00:00+02:00,39.0,4.69,4,-0.2588190451025215,0.965925826289068,-0.433883739117558,-0.9009688679024191,39.0,0.0
620,Innenstadt,3cc1e766-97c5-4ed0-92c3-a800b5be8658,2025-07-12 00:00:00+02:00,37.0,12.845,4,-0.2588190451025215,0.965925826289068,-0.433883739117558,-0.9009688679024191,37.0,0.0
621,Innenstadt,3cc1e766-97c5-4ed0-92c3-a800b5be8658,2025-07-12 01:00:00+02:00,40.0,22.06,5,0.2588190451025207,0.9659258262890684,-0.9749279121818236,-0.2225209339563146,40.0,0.0
622,Innenstadt,3cc1e766-97c5-4ed0-92c3-a800b5be8658,2025-07-12 02:00:00+02:00,32.0,23.6875,5,0.4999999999999999,0.8660254037844387,-0.9749279121818236,-0.2225209339563146,32.0,0.0
623,Innenstadt,3cc1e766-97c5-4ed0-92c3-a800b5be8658,2025-07-12 03:00:00+02:00,33.0,14.759999999999998,5,0.7071067811865475,0.7071067811865476,-0.9749279121818236,-0.2225209339563146,33.0,0.0
624,Innenstadt,3cc1e766-97c5-4ed0-92c3-a800b5be8658,2025-07-12 04:00:00+02:00,20.0,27.36,5,0.8660254037844386,0.5000000000000001,-0.9749279121818236,-0.2225209339563146,20.0,0.0
625,Innenstadt,3cc1e766-97c5-4ed0-92c3-a800b5be8658,2025-07-12 05:00:00+02:00,40.0,28.2825,5,0.9659258262890684,0.2588190451025207,-0.9749279121818236,-0.2225209339563146,40.0,0.0
626,Innenstadt,3cc1e766-97c5-4ed0-92c3-a800b5be8658,2025-07-12 06:00:00+02:00,67.0,20.2475,5,1.0,6.123233995736766e-17,-0.9749279121818236,-0.2225209339563146,495.54503621458133,1.0
627,Innenstadt,3cc1e766-97c5-4ed0-92c3-a800b5be8658,2025-07-12 07:00:00+02:00,102.0,20.0375,5,0.9659258262890684,-0.2588190451025206,-0.9749279121818236,-0.2225209339563146,102.0,0.0
628,Innenstadt,3cc1e766-97c5-4ed0-92c3-a800b5be8658,2025-07-12 08:00:00+02:00,149.0,12.73,5,0.8660254037844387,-0.4999999999999998,-0.9749279121818236,-0.2225209339563146,149.0,0.0
629,Innenstadt,3cc1e766-97c5-4ed0-92c3-a800b5be8658,2025-07-12 09:00:00+02:00,343.0,26.3,5,0.7071067811865476,-0.7071067811865475,-0.9749279121818236,-0.2225209339563146,343.0,0.0
630,Innenstadt,3cc1e766-97c5-4ed0-92c3-a800b5be8658,2025-07-12 10:00:00+02:00,0.0,0.0,5,0.4999999999999999,-0.8660254037844387,-0.9749279121818236,-0.2225209339563146,0.0,1.0
631,Innenstadt,3cc1e766-97c5-4ed0-92c3-a800b5be8658,2025-07-12 11:00:00+02:00,520.0,25.6875,5,0.258819045102521,-0.9659258262890682,-0.9749279121818236,-0.2225209339563146,520.0,0.0
632,Innenstadt,3cc1e766-97c5-4ed0-92c3-a800b5be8658,2025-07-12 12:00:00+02:00,611.0,15.86,5,1.2246467991473532e-16,-1.0,-0.9749279121818236,-0.2225209339563146,182.45496378541867,1.0
633,Innenstadt,3cc1e766-97c5-4ed0-92c3-a800b5be8658,2025-07-12 13:00:00+02:00,674.0,21.39,5,-0.2588190451025208,-0.9659258262890684,-0.9749279121818236,-0.2225209339563146,674.0,0.0
634,Innenstadt,3cc1e766-97c5-4ed0-92c3-a800b5be8658,2025-07-12 14:00:00+02:00,646.0,21.565,5,-0.4999999999999997,-0.8660254037844388,-0.9749279121818236,-0.2225209339563146,217.45496378541867,1.0
635,Innenstadt,3cc1e766-97c5-4ed0-92c3-a800b5be8658,2025-07-12 15:00:00+02:00,698.0,19.673333333333336,5,-0.7071067811865471,-0.7071067811865479,-0.9749279121818236,-0.2225209339563146,698.0,0.0
636,Innenstadt,3cc1e766-97c5-4ed0-92c3-a800b5be8658,2025-07-12 16:00:00+02:00,641.0,18.89,5,-0.8660254037844384,-0.5000000000000004,-0.9749279121818236,-0.2225209339563146,641.0,0.0
637,Innenstadt,3cc1e766-97c5-4ed0-92c3-a800b5be8658,2025-07-12 17:00:00+02:00,501.0,17.7425,5,-0.9659258262890684,-0.2588190451025206,-0.9749279121818236,-0.2225209339563146,501.0,0.0
638,Innenstadt,3cc1e766-97c5-4ed0-92c3-a800b5be8658,2025-07-12 18:00:00+02:00,424.0,16.2825,5,-1.0,-1.8369701987210294e-16,-0.9749279121818236,-0.2225209339563146,424.0,0.0
639,Innenstadt,3cc1e766-97c5-4ed0-92c3-a800b5be8658,2025-07-12 19:00:00+02:00,324.0,17.04,5,-0.9659258262890684,0.2588190451025203,-0.9749279121818236,-0.2225209339563146,324.0,0.0
640,Innenstadt,3cc1e766-97c5-4ed0-92c3-a800b5be8658,2025-07-12 20:00:00+02:00,206.0,17.7275,5,-0.8660254037844386,0.5000000000000001,-0.9749279121818236,-0.2225209339563146,206.0,0.0
641,Innenstadt,3cc1e766-97c5-4ed0-92c3-a800b5be8658,2025-07-12 21:00:00+02:00,170.0,14.8425,5,-0.7071067811865477,0.7071067811865474,-0.9749279121818236,-0.2225209339563146,170.0,0.0
642,Innenstadt,3cc1e766-97c5-4ed0-92c3-a800b5be8658,2025-07-12 22:00:00+02:00,95.0,16.293333333333333,5,-0.5000000000000004,0.8660254037844384,-0.9749279121818236,-0.2225209339563146,95.0,0.0
643,Innenstadt,3cc1e766-97c5-4ed0-92c3-a800b5be8658,2025-07-12 23:00:00+02:00,27.0,4.59,5,-0.2588190451025215,0.965925826289068,-0.9749279121818236,-0.2225209339563146,27.0,0.0
644,Innenstadt,3cc1e766-97c5-4ed0-92c3-a800b5be8658,2025-07-13 00:00:00+02:00,34.0,13.0875,5,-0.2588190451025215,0.965925826289068,-0.9749279121818236,-0.2225209339563146,34.0,0.0
645,Innenstadt,3cc1e766-97c5-4ed0-92c3-a800b5be8658,2025-07-13 01:00:00+02:00,48.0,20.9925,6,0.2588190451025207,0.9659258262890684,-0.7818314824680299,0.6234898018587334,48.0,0.0
646,Innenstadt,3cc1e766-97c5-4ed0-92c3-a800b5be8658,2025-07-13 02:00:00+02:00,26.0,11.5775,6,0.4999999999999999,0.8660254037844387,-0.7818314824680299,0.6234898018587334,26.0,0.0
647,Innenstadt,3cc1e766-97c5-4ed0-92c3-a800b5be8658,2025-07-13 03:00:00+02:00,16.0,28.5925,6,0.7071067811865475,0.7071067811865476,-0.7818314824680299,0.6234898018587334,16.0,0.0
648,Innenstadt,3cc1e766-97c5-4ed0-92c3-a800b5be8658,2025-07-13 04:00:00+02:00,16.0,19.205,6,0.8660254037844386,0.5000000000000001,-0.7818314824680299,0.6234898018587334,16.0,0.0
649,Innenstadt,3cc1e766-97c5-4ed0-92c3-a800b5be8658,2025-07-13 05:00:00+02:00,14.0,26.9725,6,0.9659258262890684,0.2588190451025207,-0.7818314824680299,0.6234898018587334,14.0,0.0
650,Innenstadt,3cc1e766-97c5-4ed0-92c3-a800b5be8658,2025-07-13 06:00:00+02:00,29.0,13.755,6,1.0,6.123233995736766e-17,-0.7818314824680299,0.6234898018587334,29.0,0.0
651,Innenstadt,3cc1e766-97c5-4ed0-92c3-a800b5be8658,2025-07-13 07:00:00+02:00,40.0,21.37,6,0.9659258262890684,-0.2588190451025206,-0.7818314824680299,0.6234898018587334,40.0,0.0
652,Innenstadt,3cc1e766-97c5-4ed0-92c3-a800b5be8658,2025-07-13 08:00:00+02:00,122.0,21.11,6,0.8660254037844387,-0.4999999999999998,-0.7818314824680299,0.6234898018587334,122.0,0.0
653,Innenstadt,3cc1e766-97c5-4ed0-92c3-a800b5be8658,2025-07-13 09:00:00+02:00,207.0,19.343333333333334,6,0.7071067811865476,-0.7071067811865475,-0.7818314824680299,0.6234898018587334,207.0,0.0
654,Innenstadt,3cc1e766-97c5-4ed0-92c3-a800b5be8658,2025-07-13 10:00:00+02:00,437.0,27.98,6,0.4999999999999999,-0.8660254037844387,-0.7818314824680299,0.6234898018587334,437.0,0.0
655,Innenstadt,3cc1e766-97c5-4ed0-92c3-a800b5be8658,2025-07-13 11:00:00+02:00,675.0,19.605,6,0.258819045102521,-0.9659258262890682,-0.7818314824680299,0.6234898018587334,675.0,0.0
656,Innenstadt,3cc1e766-97c5-4ed0-92c3-a800b5be8658,2025-07-13 12:00:00+02:00,587.0,14.1,6,1.2246467991473532e-16,-1.0,-0.7818314824680299,0.6234898018587334,587.0,0.0
657,Innenstadt,3cc1e766-97c5-4ed0-92c3-a800b5be8658,2025-07-13 13:00:00+02:00,542.0,13.26,6,-0.2588190451025208,-0.9659258262890684,-0.7818314824680299,0.6234898018587334,542.0,0.0
658,Innenstadt,3cc1e766-97c5-4ed0-92c3-a800b5be8658,2025-07-13 14:00:00+02:00,558.0,19.39,6,-0.4999999999999997,-0.8660254037844388,-0.7818314824680299,0.6234898018587334,558.0,0.0
659,Innenstadt,3cc1e766-97c5-4ed0-92c3-a800b5be8658,2025-07-13 15:00:00+02:00,626.0,19.55666666666667,6,-0.7071067811865471,-0.7071067811865479,-0.7818314824680299,0.6234898018587334,626.0,0.0
660,Innenstadt,3cc1e766-97c5-4ed0-92c3-a800b5be8658,2025-07-13 16:00:00+02:00,399.0,18.75,6,-0.8660254037844384,-0.5000000000000004,-0.7818314824680299,0.6234898018587334,827.5450362145814,1.0
661,Innenstadt,3cc1e766-97c5-4ed0-92c3-a800b5be8658,2025-07-13 17:00:00+02:00,307.0,15.116666666666664,6,-0.9659258262890684,-0.2588190451025206,-0.7818314824680299,0.6234898018587334,307.0,0.0
662,Innenstadt,3cc1e766-97c5-4ed0-92c3-a800b5be8658,2025-07-13 18:00:00+02:00,164.0,13.13,6,-1.0,-1.8369701987210294e-16,-0.7818314824680299,0.6234898018587334,164.0,0.0
663,Innenstadt,3cc1e766-97c5-4ed0-92c3-a800b5be8658,2025-07-13 19:00:00+02:00,175.0,15.23,6,-0.9659258262890684,0.2588190451025203,-0.7818314824680299,0.6234898018587334,603.5450362145814,1.0
664,Innenstadt,3cc1e766-97c5-4ed0-92c3-a800b5be8658,2025-07-13 20:00:00+02:00,117.0,11.39,6,-0.8660254037844386,0.5000000000000001,-0.7818314824680299,0.6234898018587334,117.0,0.0
665,Innenstadt,3cc1e766-97c5-4ed0-92c3-a800b5be8658,2025-07-13 21:00:00+02:00,60.0,12.865,6,-0.7071067811865477,0.7071067811865474,-0.7818314824680299,0.6234898018587334,60.0,0.0
666,Innenstadt,3cc1e766-97c5-4ed0-92c3-a800b5be8658,2025-07-13 22:00:00+02:00,55.0,12.39,6,-0.5000000000000004,0.8660254037844384,-0.7818314824680299,0.6234898018587334,55.0,0.0
667,Innenstadt,3cc1e766-97c5-4ed0-92c3-a800b5be8658,2025-07-13 23:00:00+02:00,0.0,0.0,6,-0.2588190451025215,0.965925826289068,-0.7818314824680299,0.6234898018587334,0.0,0.0
668,Innenstadt,3cc1e766-97c5-4ed0-92c3-a800b5be8658,2025-07-14 00:00:00+02:00,10.0,26.725,6,-0.2588190451025215,0.965925826289068,-0.7818314824680299,0.6234898018587334,10.0,0.0
669,Innenstadt,3cc1e766-97c5-4ed0-92c3-a800b5be8658,2025-07-14 01:00:00+02:00,34.0,35.055,0,0.2588190451025207,0.9659258262890684,0.0,1.0,34.0,0.0
