,actual,predicted
0,[20.],[7.3864183]
1,[1.],[8.764725]
2,[28.],[21.4594]
3,[23.],[28.506691]
4,[8.],[13.6149845]
5,[21.],[23.69609]
6,[34.],[10.812005]
7,[5.],[3.4614544]
8,[29.],[19.00027]
9,[98.],[126.615524]
10,[108.],[73.19288]
11,[25.],[23.109278]
12,[4.],[3.6740642]
13,[92.],[85.48903]
14,[14.],[13.333169]
15,[134.],[170.19095]
16,[114.],[92.45628]
17,[85.],[110.612]
18,[2.],[2.3921468]
19,[26.],[26.193062]
20,[101.],[57.40696]
21,[42.],[59.68267]
22,[19.],[23.227562]
23,[212.],[238.87318]
24,[11.],[14.845812]
25,[4.],[10.512263]
26,[32.],[32.714275]
27,[22.],[30.14441]
28,[3.],[7.105879]
29,[57.],[68.60208]
30,[21.],[31.009583]
31,[10.],[5.603574]
32,[98.],[76.50799]
33,[89.],[74.321686]
34,[2.],[14.435439]
35,[18.],[21.827957]
36,[59.],[70.28693]
37,[0.],[3.7592654]
38,[24.],[20.938316]
39,[22.],[30.904812]
40,[16.],[16.05346]
41,[430.],[433.65967]
42,[12.],[10.114116]
43,[168.],[174.19669]
44,[1.],[3.8449507]
45,[4.],[12.569937]
46,[86.],[104.70247]
47,[1.],[3.9261553]
48,[13.],[9.209957]
49,[2.],[2.9564047]
50,[6.],[14.430705]
51,[17.],[38.488937]
52,[80.],[59.081886]
53,[26.],[52.42325]
54,[2.],[7.8294935]
55,[0.],[7.7094965]
56,[34.],[28.92331]
57,[147.],[157.14987]
58,[2.],[2.2806497]
59,[34.],[46.218407]
60,[103.],[87.79683]
61,[64.],[46.485703]
62,[26.],[18.953543]
63,[42.],[49.849068]
64,[70.],[102.17925]
65,[38.],[27.620306]
66,[44.],[62.9642]
67,[44.],[37.16427]
68,[36.],[68.78525]
69,[49.],[63.212074]
70,[20.],[31.856844]
71,[12.],[26.805698]
72,[58.],[46.29365]
73,[20.],[10.603938]
74,[36.],[41.396774]
75,[5.],[10.886914]
76,[3.],[2.3230455]
77,[18.],[18.133688]
78,[3.],[9.667294]
79,[1.],[4.4941683]
80,[2.],[6.9284725]
81,[5.],[3.5672598]
82,[54.],[40.202415]
83,[129.],[135.03899]
84,[0.],[3.6957116]
85,[52.],[49.985394]
86,[5.],[2.2778049]
87,[8.],[9.962817]
88,[17.],[3.0712574]
89,[29.],[30.800884]
90,[6.],[2.2930138]
91,[109.],[80.62712]
92,[32.],[18.697218]
93,[29.],[42.476036]
94,[55.],[47.32774]
95,[50.],[38.780342]
96,[10.],[4.5432587]
97,[53.],[58.87808]
98,[53.],[56.48568]
99,[33.],[39.03428]
100,[116.],[97.05238]
101,[117.],[129.62946]
102,[15.],[39.0073]
103,[0.],[6.2457995]
104,[68.],[74.337074]
105,[7.],[6.1220617]
106,[3.],[6.375772]
107,[8.],[8.745422]
108,[6.],[3.5294704]
109,[0.],[2.3175316]
110,[5.],[4.3914003]
111,[15.],[24.49784]
112,[25.],[32.830605]
113,[120.],[121.280304]
114,[0.],[2.3061714]
115,[12.],[2.398793]
116,[17.],[19.049477]
117,[6.],[9.905262]
118,[4.],[3.3443096]
119,[21.],[31.612864]
120,[10.],[11.093998]
121,[28.],[25.724443]
122,[2.],[2.6455214]
123,[80.],[69.00445]
124,[16.],[6.3114004]
125,[121.],[139.05917]
126,[98.],[93.78143]
127,[14.],[14.404871]
128,[10.],[19.734373]
129,[73.],[28.362562]
130,[3.],[2.8331513]
131,[16.],[23.946957]
132,[85.],[53.923412]
133,[46.],[35.680756]
134,[16.],[3.47983]
135,[0.],[2.3288703]
136,[7.],[4.13505]
137,[4.],[7.0711327]
138,[1.],[2.2917676]
139,[4.],[8.917378]
140,[22.],[27.939213]
141,[10.],[15.138453]
142,[15.],[9.727159]
143,[135.],[119.05829]
144,[3.],[6.8833923]
145,[3.],[5.3644834]
146,[148.],[215.34946]
147,[4.],[7.4728956]
148,[79.],[115.701645]
149,[94.],[66.96734]
150,[16.],[11.038561]
151,[47.],[26.921276]
152,[3.],[5.8513765]
153,[8.],[8.087496]
154,[3.],[2.278488]
155,[78.],[146.86263]
156,[4.],[6.0521736]
157,[24.],[25.725618]
158,[0.],[3.1771746]
159,[15.],[10.151381]
160,[10.],[6.1338797]
161,[122.],[111.84706]
162,[0.],[2.304469]
163,[17.],[24.739372]
164,[3.],[3.6665726]
165,[2.],[4.0343256]
166,[1.],[2.9807713]
167,[355.],[337.19794]
168,[252.],[254.93968]
169,[8.],[7.1329517]
170,[3.],[6.2544184]
171,[20.],[14.025045]
172,[3.],[5.943056]
173,[3.],[2.2586107]
174,[4.],[4.6329975]
175,[90.],[69.30532]
176,[12.],[21.164297]
177,[24.],[14.060921]
178,[23.],[29.71561]
179,[88.],[97.989136]
180,[54.],[80.66559]
181,[73.],[97.654106]
182,[6.],[10.195667]
183,[2.],[6.5427456]
184,[6.],[6.132061]
185,[5.],[4.145435]
186,[3.],[3.3616576]
187,[6.],[7.4638395]
188,[67.],[76.65668]
189,[4.],[5.4345026]
190,[122.],[143.54442]
191,[43.],[35.677193]
192,[47.],[36.691418]
193,[20.],[65.09964]
194,[1.],[6.259118]
195,[0.],[2.8409913]
196,[25.],[40.170406]
197,[1.],[3.7202647]
198,[10.],[15.354223]
199,[1.],[2.2732873]
200,[11.],[11.734631]
201,[35.],[42.980644]
202,[17.],[20.651821]
203,[70.],[73.66945]
204,[3.],[6.1799936]
205,[17.],[10.551692]
206,[2.],[2.2616065]
207,[14.],[19.513735]
208,[15.],[17.99669]
209,[168.],[151.16965]
210,[10.],[11.425148]
211,[27.],[18.383696]
212,[4.],[7.455308]
213,[23.],[24.087658]
214,[51.],[45.365234]
215,[43.],[50.543907]
216,[3.],[3.4232392]
217,[32.],[30.476662]
218,[5.],[22.81083]
219,[0.],[2.3065538]
220,[20.],[37.67041]
221,[1.],[2.3551474]
222,[40.],[47.492447]
223,[40.],[36.347015]
224,[6.],[7.2060223]
225,[4.],[5.379575]
226,[42.],[42.35282]
227,[8.],[8.064888]
228,[1.],[2.3228626]
229,[27.],[109.452866]
230,[2.],[2.1447484]
231,[490.],[414.4364]
232,[11.],[13.659216]
233,[12.],[11.430967]
234,[2.],[4.561172]
235,[84.],[86.75859]
236,[2.],[2.5190659]
237,[9.],[9.63635]
238,[16.],[4.710023]
239,[17.],[25.250113]
240,[64.],[44.66961]
241,[82.],[65.690834]
242,[12.],[3.211082]
243,[2.],[2.3135638]
244,[124.],[99.74701]
245,[21.],[15.587202]
246,[17.],[26.8417]
247,[0.],[3.5665102]
248,[10.],[3.6810102]
249,[40.],[48.345413]
250,[34.],[24.022131]
251,[4.],[4.172292]
252,[1.],[2.3059242]
253,[0.],[2.313495]
254,[0.],[93.17932]
255,[33.],[26.775213]
256,[7.],[2.8826072]
257,[20.],[41.166447]
258,[69.],[47.9026]
259,[1.],[3.766142]
260,[26.],[13.315922]
261,[5.],[4.580206]
262,[26.],[21.488297]
263,[78.],[39.218014]
264,[47.],[20.499386]
265,[32.],[29.211094]
266,[20.],[51.092327]
267,[4.],[2.6953611]
268,[20.],[13.997414]
269,[2.],[2.2981606]
270,[4.],[9.803917]
271,[30.],[21.591576]
272,[5.],[4.521989]
273,[52.],[35.354538]
274,[430.],[427.15692]
275,[49.],[52.293915]
276,[0.],[2.9399753]
277,[20.],[18.506409]
278,[136.],[123.65412]
279,[6.],[4.2602186]
280,[12.],[37.065987]
281,[20.],[26.400688]
282,[6.],[15.439633]
283,[1.],[2.6970243]
284,[23.],[20.297403]
285,[79.],[60.73906]
286,[3.],[12.250429]
287,[8.],[7.222498]
288,[38.],[63.031895]
289,[19.],[27.772991]
290,[40.],[36.916435]
291,[34.],[22.311325]
292,[4.],[4.680335]
293,[119.],[99.26573]
294,[32.],[44.96353]
295,[146.],[147.51978]
296,[70.],[76.62668]
297,[31.],[28.534748]
298,[16.],[47.531727]
299,[2.],[5.359332]
300,[8.],[6.6859856]
301,[0.],[2.3044674]
302,[8.],[4.236902]
303,[20.],[30.178633]
304,[12.],[2.6514053]
305,[17.],[17.65857]
306,[1.],[2.291409]
307,[6.],[6.5444593]
308,[80.],[64.044846]
309,[41.],[45.51097]
310,[41.],[55.267494]
311,[36.],[31.265842]
312,[26.],[17.210056]
313,[2.],[4.081261]
314,[3.],[5.8990297]
315,[0.],[3.1417403]
316,[101.],[201.89774]
317,[3.],[3.7235446]
318,[3.],[3.2993484]
319,[1.],[8.77959]
320,[94.],[74.4793]
321,[3.],[2.8802662]
322,[290.],[273.44147]
323,[15.],[12.333954]
324,[49.],[39.07941]
325,[5.],[6.635044]
326,[17.],[20.770363]
327,[3.],[5.2331777]
328,[105.],[129.97557]
329,[37.],[37.13227]
330,[227.],[409.80792]
331,[9.],[3.9914927]
332,[65.],[60.497086]
333,[4.],[8.601329]
334,[24.],[23.372156]
335,[479.],[403.7948]
336,[20.],[20.484772]
337,[8.],[15.284859]
338,[0.],[4.1048493]
339,[9.],[6.901244]
340,[4.],[3.3361611]
341,[15.],[12.93058]
342,[23.],[19.047596]
343,[17.],[5.410432]
344,[45.],[62.90194]
345,[32.],[24.249634]
346,[13.],[19.663319]
347,[64.],[70.78798]
348,[24.],[24.148872]
349,[103.],[125.18724]
350,[10.],[9.615782]
351,[11.],[7.3401003]
352,[20.],[23.67591]
353,[4.],[2.4182546]
354,[112.],[87.97743]
355,[28.],[36.041077]
356,[1.],[3.3519213]
357,[6.],[3.217292]
358,[2.],[3.891591]
359,[15.],[13.140953]
360,[89.],[61.388763]
361,[53.],[75.0639]
362,[448.],[388.65637]
363,[23.],[23.686005]
364,[10.],[13.423261]
365,[122.],[121.69006]
366,[36.],[31.49971]
367,[96.],[81.8576]
368,[38.],[91.52756]
369,[18.],[13.9171095]
370,[27.],[18.622375]
371,[0.],[3.4663]
372,[16.],[23.087933]
373,[39.],[44.86249]
374,[0.],[3.209332]
375,[0.],[3.3051353]
376,[5.],[2.26252]
377,[15.],[11.08989]
378,[3.],[2.405446]
379,[71.],[117.48272]
380,[2.],[3.5970318]
381,[61.],[69.66185]
382,[48.],[45.490616]
383,[4.],[8.04194]
384,[3.],[4.03436]
385,[7.],[9.865532]
386,[95.],[145.47647]
387,[48.],[67.46058]
388,[442.],[424.73578]
389,[1.],[2.2610817]
390,[14.],[15.978996]
391,[0.],[5.840917]
392,[12.],[13.714068]
393,[68.],[48.06466]
394,[44.],[47.487778]
395,[57.],[72.11783]
396,[3.],[2.4049852]
397,[2.],[3.269999]
398,[6.],[5.4668407]
399,[1.],[2.3678467]
400,[8.],[7.8675756]
401,[41.],[39.402428]
402,[61.],[47.441994]
403,[4.],[2.452528]
404,[1.],[2.2719946]
405,[2.],[3.7759295]
406,[5.],[15.287884]
407,[20.],[30.307392]
408,[8.],[12.352238]
409,[17.],[16.759136]
410,[5.],[7.2912493]
411,[16.],[28.948921]
412,[106.],[120.865204]
413,[47.],[31.751638]
414,[25.],[23.880672]
415,[75.],[76.73152]
416,[4.],[4.0167203]
417,[6.],[16.675463]
418,[45.],[33.52934]
419,[2.],[2.2567246]
420,[14.],[40.056747]
421,[7.],[8.693332]
422,[3.],[5.865777]
423,[13.],[12.283226]
424,[9.],[7.153167]
425,[51.],[64.39354]
426,[4.],[3.0735807]
427,[13.],[11.036569]
428,[10.],[11.660174]
429,[5.],[3.483664]
430,[0.],[2.309477]
431,[37.],[42.005432]
432,[3.],[9.527409]
433,[38.],[33.302998]
434,[68.],[66.59456]
435,[3.],[11.1503]
436,[6.],[3.9248304]
437,[2.],[5.02141]
438,[12.],[17.455832]
439,[0.],[2.575133]
440,[4.],[3.5159335]
441,[4.],[4.6880426]
442,[60.],[55.36782]
443,[11.],[6.381592]
444,[35.],[41.374527]
445,[43.],[50.357765]
446,[2.],[2.2726517]
447,[18.],[11.477457]
448,[18.],[16.129482]
449,[160.],[85.19444]
450,[262.],[351.248]
451,[4.],[5.5144806]
452,[14.],[5.8001037]
453,[16.],[14.369815]
454,[22.],[27.771622]
455,[89.],[57.42808]
456,[82.],[93.10863]
457,[1.],[3.8709936]
458,[186.],[258.12665]
459,[7.],[5.847456]
460,[390.],[348.265]
461,[190.],[122.40143]
462,[6.],[5.928526]
463,[181.],[141.37567]
464,[62.],[71.08246]
465,[13.],[4.061181]
466,[70.],[69.68011]
467,[118.],[91.25374]
468,[229.],[271.4587]
469,[2.],[2.5103056]
470,[60.],[33.859978]
471,[4.],[2.987561]
472,[12.],[7.135619]
473,[156.],[136.43814]
474,[9.],[11.769985]
475,[1.],[2.5544822]
476,[20.],[29.071209]
477,[11.],[6.357788]
478,[122.],[147.35468]
479,[22.],[21.903141]
480,[439.],[419.6772]
481,[432.],[417.01898]
482,[12.],[18.98929]
483,[6.],[7.0579243]
484,[4.],[12.487165]
485,[46.],[52.130424]
486,[44.],[60.720703]
487,[4.],[5.8641443]
488,[3.],[2.312356]
489,[1.],[2.2602532]
490,[66.],[124.91211]
491,[1.],[3.1678424]
492,[3.],[3.0967941]
493,[88.],[135.21144]
494,[54.],[16.842093]
495,[37.],[23.606628]
496,[1.],[2.2627275]
497,[0.],[8.59333]
498,[16.],[6.050486]
499,[4.],[8.700639]
500,[58.],[106.27612]
501,[4.],[3.219193]
502,[7.],[8.383369]
503,[72.],[74.46146]
504,[10.],[8.886044]
505,[130.],[127.77519]
506,[4.],[3.9783087]
507,[1.],[4.731388]
508,[16.],[25.456947]
509,[57.],[59.228065]
510,[5.],[4.831023]
511,[6.],[4.416285]
512,[29.],[45.662155]
513,[122.],[85.35536]
514,[36.],[42.080032]
515,[77.],[37.350494]
516,[20.],[15.842985]
517,[1.],[3.2859666]
518,[55.],[23.18657]
519,[27.],[34.705456]
520,[59.],[70.34732]
521,[40.],[56.22149]
522,[96.],[102.35006]
523,[34.],[35.92086]
524,[6.],[3.9320846]
525,[7.],[4.4034]
526,[3.],[5.6038103]
527,[9.],[12.726151]
528,[0.],[2.2796652]
529,[37.],[11.545726]
530,[14.],[31.158339]
531,[4.],[3.8445811]
532,[61.],[57.26229]
533,[111.],[126.54323]
534,[58.],[69.26458]
535,[12.],[13.93498]
536,[93.],[69.56636]
537,[3.],[2.3316135]
538,[3.],[5.7486596]
539,[194.],[270.38193]
540,[2.],[5.785453]
541,[0.],[3.5377822]
542,[48.],[16.122046]
543,[24.],[14.125349]
544,[13.],[16.247082]
545,[144.],[155.45741]
546,[2.],[20.999767]
547,[1.],[2.5055695]
548,[59.],[78.81844]
549,[21.],[21.112526]
550,[5.],[4.200062]
551,[6.],[3.8218367]
552,[2.],[2.6284504]
553,[9.],[7.326108]
554,[0.],[2.2898748]
555,[1.],[5.045333]
556,[1.],[13.741837]
557,[22.],[15.565174]
558,[20.],[26.69355]
559,[34.],[52.481583]
560,[4.],[3.6649308]
561,[64.],[98.29631]
562,[66.],[73.50683]
563,[38.],[27.410793]
564,[3.],[10.72102]
565,[15.],[21.68023]
566,[5.],[2.8470418]
567,[1.],[3.4540906]
568,[3.],[11.00767]
569,[19.],[14.820125]
570,[1.],[2.2803068]
571,[8.],[8.947226]
572,[10.],[18.72311]
573,[1.],[4.5749035]
574,[9.],[17.347979]
575,[32.],[40.13049]
576,[144.],[159.10107]
577,[8.],[13.683297]
578,[66.],[86.84509]
579,[4.],[7.5606728]
580,[504.],[451.38675]
581,[16.],[24.985563]
582,[4.],[7.0349894]
583,[5.],[3.1769328]
584,[0.],[2.3499095]
585,[44.],[32.469387]
586,[39.],[41.163727]
587,[131.],[91.11403]
588,[33.],[25.02019]
589,[114.],[144.39545]
590,[39.],[33.760063]
591,[35.],[53.59864]
592,[27.],[39.554237]
593,[22.],[29.641895]
594,[98.],[116.80343]
595,[42.],[74.04187]
596,[77.],[68.80076]
597,[7.],[6.702138]
598,[109.],[122.23365]
599,[63.],[49.01258]
600,[1.],[2.2795844]
601,[2.],[4.190191]
602,[14.],[15.86038]
603,[58.],[64.133446]
604,[75.],[52.268375]
605,[131.],[93.485344]
606,[1.],[2.2769635]
607,[60.],[45.185196]
608,[3.],[4.2174025]
609,[3.],[4.119338]
610,[75.],[100.57918]
611,[6.],[6.006683]
612,[157.],[104.820015]
613,[279.],[309.9433]
614,[1.],[2.2704082]
615,[23.],[21.849186]
616,[16.],[18.183937]
617,[11.],[10.768439]
618,[33.],[13.816735]
619,[74.],[38.756363]
620,[19.],[15.91641]
621,[24.],[19.87038]
622,[8.],[14.323088]
623,[64.],[47.613297]
624,[15.],[6.017888]
625,[134.],[97.06377]
626,[7.],[7.6524277]
627,[2.],[2.628064]
628,[66.],[88.08153]
629,[77.],[43.415497]
630,[32.],[20.156057]
631,[83.],[73.0332]
632,[12.],[29.002518]
633,[148.],[158.68051]
634,[1.],[6.8637686]
635,[13.],[11.629025]
636,[40.],[44.615807]
637,[26.],[33.58324]
638,[1.],[2.287139]
639,[3.],[3.6765242]
640,[34.],[19.196415]
641,[1.],[5.457511]
642,[6.],[7.4478045]
643,[48.],[55.517956]
644,[6.],[3.4182212]
645,[7.],[14.620811]
646,[0.],[4.654381]
647,[126.],[150.47458]
648,[41.],[25.744213]
649,[3.],[4.0542526]
650,[100.],[108.41968]
651,[9.],[14.448064]
652,[0.],[3.5538733]
653,[22.],[49.805008]
654,[7.],[6.1673136]
655,[2.],[3.765791]
656,[27.],[33.218426]
657,[5.],[2.3059523]
658,[4.],[3.5557861]
659,[4.],[4.083557]
660,[2.],[2.4918272]
661,[8.],[4.6242847]
662,[7.],[11.693831]
663,[5.],[5.4241486]
664,[8.],[13.818382]
665,[2.],[2.295438]
666,[120.],[127.18702]
667,[6.],[5.988043]
668,[131.],[135.34048]
669,[14.],[14.427401]
670,[37.],[38.269413]
671,[25.],[2.3911977]
672,[10.],[6.802969]
673,[32.],[20.706495]
674,[7.],[20.694504]
675,[98.],[102.31262]
676,[37.],[15.92775]
677,[25.],[33.24874]
678,[25.],[14.4799]
679,[0.],[2.2472842]
680,[3.],[3.3876615]
681,[6.],[2.3018136]
682,[17.],[23.814663]
683,[52.],[50.04667]
684,[0.],[8.315004]
685,[13.],[14.116003]
686,[23.],[28.081795]
687,[2.],[11.716674]
688,[5.],[8.4093485]
689,[18.],[16.053068]
690,[54.],[50.60351]
691,[46.],[48.591217]
692,[12.],[14.432634]
693,[0.],[2.281558]
694,[76.],[91.511566]
695,[38.],[32.218384]
696,[2.],[3.4476204]
697,[1.],[3.3100624]
698,[46.],[59.556664]
699,[5.],[2.4166255]
700,[8.],[12.285629]
701,[5.],[2.3710997]
702,[16.],[3.4854696]
703,[0.],[2.3067412]
704,[4.],[4.2390337]
705,[6.],[6.3287086]
706,[110.],[113.90578]
707,[90.],[115.11693]
708,[2.],[2.7504454]
709,[42.],[12.778685]
710,[18.],[30.041348]
711,[25.],[20.229267]
712,[9.],[2.7940943]
713,[51.],[150.91133]
714,[9.],[10.756482]
715,[9.],[14.806036]
716,[93.],[51.444668]
717,[1.],[2.3939197]
718,[16.],[25.68039]
719,[0.],[2.281669]
720,[250.],[269.83026]
721,[346.],[424.23114]
722,[54.],[59.966553]
723,[11.],[7.728487]
724,[26.],[18.84399]
725,[22.],[21.447372]
726,[86.],[111.04997]
727,[1.],[4.993328]
728,[18.],[24.20134]
729,[61.],[89.03335]
730,[22.],[21.886913]
731,[2.],[2.935997]
732,[9.],[5.750086]
733,[1.],[2.2735894]
734,[8.],[3.6118453]
735,[15.],[21.37578]
736,[2.],[2.5471854]
737,[18.],[13.499357]
738,[37.],[36.798725]
739,[30.],[15.361174]
740,[23.],[44.378475]
741,[1.],[5.4111605]
742,[27.],[37.234734]
743,[5.],[4.7860494]
744,[8.],[8.1546545]
745,[162.],[133.95358]
746,[7.],[4.233274]
747,[5.],[11.916155]
748,[13.],[16.94266]
749,[6.],[4.0311]
750,[3.],[2.441868]
751,[18.],[20.093744]
752,[27.],[79.20941]
753,[10.],[12.156483]
754,[9.],[21.09311]
755,[20.],[7.945258]
756,[93.],[123.166]
757,[42.],[37.031803]
758,[96.],[135.6148]
759,[1.],[2.2709029]
760,[4.],[2.2842507]
761,[1.],[2.2699416]
762,[42.],[10.975971]
763,[2.],[7.133355]
764,[19.],[21.184929]
765,[136.],[122.29105]
766,[33.],[37.332054]
767,[31.],[33.936016]
768,[62.],[69.74549]
769,[0.],[2.28914]
770,[0.],[2.3988345]
771,[64.],[75.57097]
772,[59.],[76.47406]
773,[2.],[5.804764]
774,[1.],[2.3098736]
775,[646.],[510.11978]
776,[83.],[49.59089]
777,[6.],[5.28799]
778,[101.],[116.41428]
779,[29.],[30.532967]
780,[52.],[91.35118]
781,[13.],[16.123878]
782,[22.],[11.821991]
783,[11.],[17.239496]
784,[9.],[5.5629263]
785,[110.],[108.68855]
786,[11.],[8.235456]
787,[86.],[109.12361]
788,[17.],[26.569126]
789,[1.],[8.818392]
790,[7.],[20.862936]
791,[24.],[42.28689]
792,[3.],[4.4216785]
793,[74.],[75.54435]
794,[1.],[2.641501]
795,[31.],[22.363157]
796,[12.],[8.0883]
797,[66.],[67.23216]
798,[18.],[21.630817]
799,[90.],[143.19522]
800,[23.],[28.819744]
801,[0.],[2.9091156]
802,[32.],[22.132948]
803,[72.],[94.9361]
804,[79.],[81.755875]
805,[8.],[11.414696]
806,[3.],[3.3342977]
807,[12.],[4.0470476]
808,[0.],[3.6205153]
809,[88.],[90.413086]
810,[128.],[114.8274]
811,[106.],[126.29857]
812,[344.],[354.21048]
813,[16.],[19.611889]
814,[111.],[114.57138]
815,[92.],[108.787636]
816,[28.],[28.838192]
817,[18.],[4.681464]
818,[37.],[44.54209]
819,[1.],[2.3058622]
820,[34.],[27.613087]
821,[63.],[87.59546]
822,[4.],[3.1434565]
823,[1.],[2.2855427]
824,[1.],[2.3424222]
825,[55.],[85.44423]
826,[5.],[7.7000914]
827,[1.],[2.2719502]
828,[22.],[28.555597]
829,[0.],[3.362976]
830,[7.],[3.7305787]
831,[40.],[18.654634]
832,[18.],[8.665496]
833,[132.],[144.74725]
834,[11.],[7.2455225]
835,[24.],[45.396637]
836,[53.],[81.433624]
837,[25.],[20.573301]
838,[14.],[8.777486]
839,[7.],[5.820425]
840,[82.],[65.19783]
841,[311.],[435.58264]
842,[13.],[11.659241]
843,[1.],[2.5948007]
844,[27.],[15.612257]
845,[59.],[81.51744]
846,[106.],[98.00121]
847,[154.],[190.31514]
848,[58.],[48.521637]
849,[2.],[2.273383]
850,[62.],[29.314102]
851,[38.],[53.986565]
852,[8.],[4.65959]
853,[121.],[80.000465]
854,[71.],[129.10129]
855,[25.],[46.048737]
856,[33.],[35.22949]
857,[45.],[52.85806]
858,[131.],[151.18565]
859,[145.],[86.28303]
860,[18.],[24.93643]
861,[1.],[2.980515]
862,[77.],[111.75951]
863,[54.],[69.589325]
864,[391.],[419.712]
865,[30.],[16.884592]
866,[32.],[23.707232]
867,[20.],[3.0375338]
868,[13.],[6.861601]
869,[26.],[23.146145]
870,[5.],[15.487427]
871,[0.],[7.558942]
872,[9.],[2.4892282]
873,[60.],[128.3526]
874,[33.],[30.512754]
875,[82.],[103.175125]
876,[150.],[148.00146]
877,[132.],[148.24326]
878,[12.],[13.087485]
879,[7.],[8.229146]
880,[89.],[110.151505]
881,[17.],[10.492582]
882,[4.],[10.883276]
883,[115.],[157.94072]
884,[16.],[14.279249]
885,[29.],[47.380646]
886,[10.],[19.796194]
887,[32.],[55.871746]
888,[2.],[11.103546]
889,[11.],[4.1475935]
890,[94.],[182.18933]
891,[33.],[27.546581]
892,[1.],[2.815183]
893,[1.],[12.937456]
894,[10.],[10.710366]
895,[0.],[3.192512]
896,[67.],[59.66234]
897,[43.],[34.254402]
898,[16.],[17.32028]
899,[1.],[3.5502582]
900,[2.],[11.654665]
901,[4.],[4.3294153]
902,[0.],[8.865462]
903,[14.],[9.978869]
904,[5.],[8.051991]
905,[42.],[50.517452]
906,[42.],[29.784372]
907,[20.],[13.831343]
908,[21.],[16.356758]
909,[2.],[9.108376]
910,[8.],[16.479992]
911,[52.],[48.25747]
912,[105.],[81.18346]
913,[158.],[153.5863]
914,[120.],[146.09515]
915,[37.],[22.900751]
916,[32.],[14.718789]
917,[34.],[46.793243]
918,[74.],[55.72361]
919,[1.],[3.7952492]
920,[1.],[8.290285]
921,[23.],[16.772339]
922,[3.],[4.019121]
923,[22.],[28.940418]
924,[44.],[61.38378]
925,[19.],[14.079285]
926,[17.],[26.675318]
927,[13.],[10.709215]
928,[8.],[9.137009]
929,[241.],[164.2569]
930,[63.],[113.23202]
931,[28.],[26.255295]
932,[8.],[8.113981]
933,[4.],[2.2910335]
934,[61.],[43.344643]
935,[2.],[2.291179]
936,[102.],[134.80197]
937,[20.],[44.440613]
938,[12.],[22.82346]
939,[257.],[393.1558]
940,[0.],[3.5848784]
941,[36.],[28.480423]
942,[69.],[64.92898]
943,[32.],[38.336033]
944,[79.],[62.838566]
945,[8.],[5.6223984]
946,[13.],[11.21318]
947,[16.],[29.676506]
948,[13.],[12.154399]
949,[40.],[51.86344]
950,[44.],[16.264853]
951,[18.],[8.262134]
952,[1.],[15.232431]
953,[151.],[177.08157]
954,[19.],[32.6781]
955,[3.],[8.936691]
956,[8.],[5.6526184]
957,[57.],[78.70558]
958,[3.],[2.3130107]
959,[36.],[19.71482]
960,[8.],[13.934634]
961,[18.],[26.399223]
962,[123.],[80.03108]
963,[85.],[93.94763]
964,[0.],[3.281979]
965,[43.],[59.996002]
966,[4.],[3.8227534]
967,[2.],[2.2805061]
968,[9.],[9.662564]
969,[6.],[4.3337936]
970,[79.],[39.843872]
971,[8.],[6.9251375]
972,[137.],[144.77652]
973,[13.],[15.876455]
974,[21.],[28.00714]
975,[22.],[23.460396]
976,[1.],[5.583808]
977,[65.],[49.879196]
978,[1.],[3.4057746]
979,[3.],[3.7016249]
980,[9.],[15.554808]
981,[3.],[2.3484845]
982,[48.],[39.055904]
983,[2.],[2.277416]
984,[3.],[3.3989944]
985,[1.],[3.8536463]
986,[0.],[2.2741938]
987,[112.],[85.38132]
988,[46.],[25.201408]
989,[3.],[3.4477162]
990,[36.],[27.45898]
991,[17.],[7.0766764]
992,[2.],[3.3374057]
993,[9.],[8.001762]
994,[1.],[8.080552]
995,[43.],[45.40368]
996,[105.],[107.39426]
997,[9.],[3.5942914]
998,[20.],[20.381958]
999,[1.],[2.3100796]
1000,[0.],[2.3912625]
1001,[78.],[51.597725]
1002,[12.],[8.056403]
1003,[8.],[21.388142]
1004,[10.],[5.290545]
1005,[51.],[53.321625]
1006,[168.],[257.42615]
1007,[0.],[2.3449614]
1008,[2.],[4.843941]
1009,[51.],[60.237923]
1010,[81.],[68.47778]
1011,[56.],[58.55932]
1012,[41.],[39.72455]
1013,[104.],[67.75307]
1014,[13.],[16.708536]
1015,[1.],[2.4752588]
1016,[135.],[80.29979]
1017,[122.],[94.27423]
1018,[1.],[2.3582006]
1019,[68.],[103.808586]
1020,[112.],[97.96002]
1021,[7.],[2.7098413]
1022,[9.],[2.333926]
1023,[143.],[98.25313]
1024,[74.],[125.29448]
1025,[23.],[29.254683]
1026,[140.],[137.0271]
1027,[2.],[2.4836335]
1028,[49.],[49.67707]
1029,[22.],[25.087273]
1030,[12.],[19.12012]
1031,[6.],[9.192249]
1032,[100.],[127.50954]
1033,[0.],[2.4804754]
1034,[64.],[54.326283]
1035,[10.],[11.16452]
1036,[23.],[11.629858]
1037,[47.],[19.624996]
1038,[30.],[16.430597]
1039,[54.],[33.399426]
1040,[41.],[41.852165]
1041,[40.],[31.762981]
1042,[77.],[59.473526]
1043,[18.],[6.7076216]
1044,[7.],[10.266476]
1045,[2.],[9.155766]
1046,[20.],[6.2257137]
1047,[0.],[4.12332]
1048,[76.],[115.16794]
1049,[332.],[431.84247]
1050,[2.],[2.9117868]
1051,[3.],[4.1336627]
1052,[7.],[5.419221]
1053,[106.],[128.59796]
1054,[3.],[11.781755]
1055,[24.],[20.958649]
1056,[5.],[2.3090541]
1057,[20.],[20.358982]
1058,[6.],[5.360217]
1059,[8.],[11.652958]
1060,[10.],[13.729998]
1061,[4.],[2.275856]
1062,[5.],[4.5711975]
1063,[26.],[13.078289]
1064,[16.],[30.481249]
1065,[2.],[6.161816]
1066,[46.],[45.594093]
1067,[11.],[12.478478]
1068,[212.],[232.95238]
1069,[54.],[55.17852]
1070,[92.],[87.32029]
1071,[3.],[2.4806232]
1072,[51.],[41.840935]
1073,[7.],[5.554982]
1074,[2.],[3.5974903]
1075,[144.],[161.63936]
1076,[18.],[13.928244]
1077,[1.],[5.423227]
1078,[132.],[72.83194]
1079,[125.],[112.27449]
1080,[307.],[374.2596]
1081,[9.],[7.3236237]
1082,[30.],[24.472963]
1083,[18.],[10.5493555]
1084,[14.],[15.189725]
1085,[19.],[21.049603]
1086,[14.],[16.642448]
1087,[23.],[12.875755]
1088,[1.],[6.2745857]
1089,[1.],[2.288333]
1090,[0.],[2.2883325]
1091,[28.],[17.610222]
1092,[46.],[48.7987]
1093,[168.],[204.649]
1094,[5.],[4.356649]
1095,[36.],[19.24873]
1096,[610.],[442.23145]
1097,[125.],[154.30197]
1098,[63.],[52.452633]
1099,[16.],[18.081768]
1100,[6.],[3.4338007]
1101,[6.],[7.194132]
1102,[32.],[38.034485]
1103,[46.],[32.22684]
1104,[57.],[61.114212]
1105,[31.],[23.511703]
1106,[29.],[24.499905]
1107,[115.],[155.57043]
1108,[45.],[51.492294]
1109,[6.],[13.368414]
1110,[170.],[121.77109]
1111,[2.],[8.656423]
1112,[6.],[2.2563856]
1113,[68.],[51.747402]
1114,[2.],[3.9811087]
1115,[12.],[9.77579]
1116,[19.],[22.720922]
1117,[150.],[165.1175]
1118,[92.],[52.420982]
1119,[47.],[46.566727]
1120,[24.],[12.562008]
1121,[1.],[4.201707]
1122,[74.],[67.51866]
1123,[150.],[56.88787]
1124,[0.],[2.3374217]
1125,[55.],[97.34183]
1126,[8.],[16.569193]
1127,[1.],[3.3861814]
1128,[9.],[11.021472]
1129,[107.],[84.353714]
1130,[15.],[16.150183]
1131,[46.],[58.646355]
1132,[41.],[33.36158]
1133,[7.],[9.419284]
1134,[16.],[10.622387]
1135,[72.],[55.367065]
1136,[8.],[23.846062]
1137,[82.],[132.7255]
1138,[183.],[154.30212]
1139,[2.],[3.01754]
1140,[1.],[3.3115377]
1141,[20.],[21.587303]
1142,[0.],[2.2643995]
1143,[4.],[7.1070204]
1144,[0.],[2.3888962]
1145,[18.],[32.073425]
1146,[18.],[12.203744]
1147,[16.],[14.303831]
1148,[35.],[40.19236]
1149,[32.],[92.982315]
1150,[2.],[11.685893]
1151,[47.],[27.976822]
1152,[6.],[6.7111807]
1153,[33.],[54.874245]
1154,[24.],[14.045317]
1155,[88.],[95.37517]
1156,[194.],[190.38055]
1157,[47.],[58.70414]
1158,[3.],[6.5715685]
1159,[8.],[5.7821703]
1160,[28.],[39.300766]
1161,[0.],[2.3267148]
1162,[5.],[2.4777493]
1163,[36.],[42.896805]
1164,[119.],[113.27721]
1165,[2.],[3.0466993]
1166,[35.],[65.17293]
1167,[0.],[2.3233483]
1168,[12.],[17.500765]
1169,[1.],[3.6243694]
1170,[77.],[77.34612]
1171,[57.],[54.590836]
1172,[1.],[3.2414806]
1173,[2.],[3.2686486]
1174,[36.],[30.659506]
1175,[50.],[63.839848]
1176,[0.],[2.5634532]
1177,[10.],[15.206257]
1178,[336.],[378.25354]
1179,[31.],[32.215668]
1180,[9.],[6.6045914]
1181,[8.],[9.907803]
1182,[23.],[25.725235]
1183,[3.],[2.281896]
1184,[2.],[3.471849]
1185,[0.],[3.1517158]
1186,[58.],[69.9257]
1187,[3.],[3.2382927]
1188,[91.],[107.55575]
1189,[1.],[7.3653955]
1190,[150.],[56.80813]
1191,[3.],[10.612724]
1192,[0.],[2.3033273]
1193,[9.],[9.365221]
1194,[102.],[131.86996]
1195,[0.],[3.1844509]
1196,[35.],[46.5532]
1197,[52.],[73.65115]
1198,[96.],[75.3842]
1199,[47.],[51.8111]
1200,[4.],[2.511474]
1201,[51.],[55.416267]
1202,[31.],[30.164803]
1203,[84.],[79.05266]
1204,[4.],[6.065474]
1205,[2.],[3.3069167]
1206,[0.],[5.691267]
1207,[75.],[87.20517]
1208,[288.],[244.5469]
1209,[8.],[7.9210014]
1210,[15.],[24.515583]
1211,[3.],[2.8614142]
1212,[0.],[3.3506598]
1213,[3.],[3.0442498]
1214,[21.],[81.32774]
1215,[16.],[31.424511]
1216,[8.],[11.353176]
1217,[24.],[26.35052]
1218,[51.],[63.203506]
1219,[47.],[53.871662]
1220,[4.],[4.3538823]
1221,[6.],[4.4182267]
1222,[3.],[5.4830976]
1223,[3.],[2.3751247]
1224,[8.],[10.188935]
1225,[20.],[22.01008]
1226,[9.],[8.290208]
1227,[62.],[75.590485]
1228,[23.],[18.51841]
1229,[0.],[2.3475873]
1230,[89.],[99.26584]
1231,[103.],[123.45583]
1232,[34.],[19.146095]
1233,[1.],[2.3561778]
1234,[30.],[37.25774]
1235,[161.],[171.32764]
1236,[14.],[13.997704]
1237,[18.],[25.798393]
1238,[29.],[41.099106]
1239,[68.],[103.09156]
1240,[19.],[15.44714]
1241,[19.],[20.191034]
1242,[71.],[69.91991]
1243,[0.],[3.6835554]
1244,[43.],[46.03485]
1245,[10.],[7.7737265]
1246,[63.],[67.054146]
1247,[116.],[148.9181]
1248,[21.],[35.091835]
1249,[3.],[5.980859]
1250,[47.],[27.414768]
1251,[28.],[26.356182]
1252,[3.],[3.6999035]
1253,[15.],[13.064522]
1254,[71.],[77.95254]
1255,[20.],[42.02705]
1256,[6.],[5.1246557]
1257,[13.],[23.891869]
1258,[14.],[16.72946]
1259,[520.],[513.63666]
1260,[22.],[17.09928]
1261,[6.],[5.5993586]
1262,[30.],[32.149662]
1263,[8.],[7.1745453]
1264,[4.],[8.377091]
1265,[7.],[5.4839487]
1266,[4.],[3.5059862]
1267,[20.],[27.007618]
1268,[16.],[19.229296]
1269,[10.],[12.305199]
1270,[11.],[15.918016]
1271,[10.],[15.427719]
1272,[168.],[232.30878]
1273,[4.],[15.718581]
1274,[178.],[165.88757]
1275,[6.],[4.1293306]
1276,[30.],[37.53009]
1277,[10.],[6.1488695]
1278,[9.],[8.578283]
1279,[26.],[20.892561]
1280,[2.],[2.2497404]
1281,[9.],[10.663188]
1282,[12.],[5.969732]
1283,[25.],[36.10988]
1284,[20.],[38.4233]
1285,[62.],[83.63968]
1286,[1.],[2.3029962]
1287,[22.],[39.678097]
1288,[13.],[34.574028]
1289,[6.],[3.2821622]
1290,[21.],[14.2450485]
1291,[5.],[9.321256]
1292,[16.],[15.472623]
1293,[67.],[74.74784]
1294,[81.],[89.782135]
1295,[4.],[2.274043]
1296,[34.],[20.756805]
1297,[4.],[19.144976]
1298,[30.],[47.822594]
1299,[104.],[117.05327]
1300,[18.],[31.305447]
1301,[6.],[2.8742733]
1302,[77.],[91.995636]
1303,[2.],[2.3548748]
1304,[62.],[56.15249]
1305,[5.],[7.672922]
1306,[64.],[54.90654]
1307,[6.],[3.9122312]
1308,[1.],[4.116459]
1309,[21.],[3.1045003]
1310,[1.],[3.8990805]
1311,[151.],[199.52057]
1312,[3.],[15.841094]
1313,[2.],[4.654525]
1314,[34.],[42.26934]
1315,[98.],[116.89409]
1316,[3.],[2.3135438]
1317,[332.],[436.1243]
1318,[30.],[46.23111]
1319,[106.],[76.54765]
1320,[14.],[27.908985]
1321,[28.],[42.689743]
1322,[11.],[14.997252]
1323,[13.],[2.3879976]
1324,[29.],[46.198227]
1325,[3.],[4.8111725]
1326,[9.],[18.091448]
1327,[2.],[3.6650543]
1328,[3.],[2.920494]
1329,[40.],[56.549]
1330,[45.],[37.56614]
1331,[26.],[41.7269]
1332,[0.],[9.7212105]
1333,[13.],[16.478437]
1334,[44.],[71.592674]
1335,[64.],[63.41979]
1336,[9.],[15.038992]
1337,[15.],[40.182484]
1338,[51.],[47.750824]
1339,[32.],[32.23111]
1340,[4.],[7.700382]
1341,[10.],[6.2357993]
1342,[5.],[5.937338]
1343,[1.],[4.143641]
1344,[41.],[28.544418]
1345,[80.],[52.28988]
1346,[32.],[43.610962]
1347,[175.],[147.51398]
1348,[0.],[2.9950128]
1349,[56.],[141.30331]
1350,[13.],[10.682236]
1351,[3.],[2.6868024]
1352,[12.],[14.500555]
1353,[23.],[23.698782]
1354,[78.],[118.537964]
1355,[50.],[50.64965]
1356,[45.],[59.925545]
1357,[5.],[5.153471]
1358,[61.],[95.7134]
1359,[8.],[4.7641706]
1360,[71.],[58.83192]
1361,[478.],[336.95746]
1362,[1.],[2.8336763]
1363,[71.],[101.07405]
1364,[6.],[8.604949]
1365,[2.],[4.2210903]
1366,[0.],[4.616946]
1367,[32.],[27.628374]
1368,[244.],[215.46906]
1369,[18.],[18.05827]
1370,[114.],[70.70175]
1371,[94.],[49.32352]
1372,[28.],[20.188457]
1373,[8.],[11.384989]
1374,[54.],[25.461384]
1375,[1.],[4.061554]
1376,[4.],[5.087432]
1377,[13.],[13.987049]
1378,[6.],[19.509048]
1379,[1.],[3.1545205]
1380,[136.],[121.32048]
1381,[120.],[136.89772]
1382,[12.],[8.17095]
1383,[76.],[74.511826]
1384,[4.],[2.9802356]
1385,[34.],[80.22664]
1386,[19.],[6.586609]
1387,[1.],[2.2776573]
1388,[1.],[2.2666624]
1389,[64.],[56.027172]
1390,[0.],[2.29017]
1391,[14.],[17.539928]
1392,[8.],[3.6460469]
1393,[73.],[93.934204]
1394,[3.],[11.372629]
1395,[4.],[4.801387]
1396,[48.],[21.183285]
1397,[95.],[85.83208]
1398,[72.],[81.839966]
1399,[55.],[40.142982]
1400,[22.],[23.360048]
1401,[17.],[25.982937]
1402,[15.],[37.308807]
1403,[2.],[2.3009505]
1404,[95.],[130.34305]
1405,[74.],[89.41522]
1406,[100.],[11.5576105]
1407,[59.],[64.31853]
1408,[4.],[7.2994432]
1409,[43.],[38.086773]
1410,[6.],[7.7653885]
1411,[418.],[396.48257]
1412,[7.],[6.6172037]
1413,[7.],[6.8937855]
1414,[74.],[67.93389]
1415,[180.],[159.03836]
1416,[0.],[3.0356593]
1417,[28.],[27.806007]
1418,[0.],[3.9002876]
1419,[22.],[13.588965]
1420,[15.],[31.02415]
1421,[0.],[53.614033]
1422,[1.],[2.285996]
1423,[38.],[50.89601]
1424,[26.],[22.856709]
1425,[15.],[10.527388]
1426,[11.],[15.041197]
1427,[8.],[13.955223]
1428,[28.],[18.741554]
1429,[2.],[3.2819629]
1430,[62.],[68.95351]
1431,[19.],[14.961982]
1432,[2.],[6.8269386]
1433,[100.],[116.977325]
1434,[16.],[9.759123]
1435,[14.],[4.7402916]
1436,[18.],[23.719631]
1437,[26.],[20.562233]
1438,[5.],[8.1414585]
1439,[89.],[92.088104]
1440,[2.],[2.3288782]
1441,[16.],[20.867916]
1442,[36.],[44.268593]
1443,[35.],[14.221359]
1444,[1.],[3.5732956]
1445,[1.],[2.270489]
1446,[55.],[47.53208]
1447,[32.],[27.00557]
1448,[1.],[2.394321]
1449,[14.],[16.37039]
1450,[12.],[15.994946]
1451,[9.],[20.76543]
1452,[2.],[5.5377154]
1453,[16.],[40.32656]
1454,[8.],[8.026079]
1455,[54.],[61.087364]
1456,[11.],[22.06753]
1457,[25.],[24.639988]
1458,[21.],[43.26821]
1459,[16.],[13.851345]
1460,[227.],[225.94748]
1461,[30.],[72.144165]
1462,[1.],[2.2664056]
1463,[1.],[2.3004045]
1464,[6.],[3.2354913]
1465,[71.],[51.688873]
1466,[60.],[46.052544]
1467,[32.],[16.399662]
1468,[1.],[4.1528373]
1469,[31.],[27.942175]
1470,[10.],[5.38132]
1471,[86.],[84.05705]
1472,[26.],[22.778954]
1473,[72.],[87.908676]
1474,[0.],[2.3265646]
1475,[123.],[103.8672]
1476,[18.],[11.582973]
1477,[4.],[4.183315]
1478,[63.],[53.60244]
1479,[48.],[65.23777]
1480,[10.],[13.017063]
1481,[20.],[25.787329]
1482,[3.],[6.265124]
1483,[1.],[2.286013]
1484,[68.],[88.31099]
1485,[55.],[50.99392]
1486,[25.],[11.347633]
1487,[147.],[144.22485]
1488,[134.],[187.0299]
1489,[47.],[50.63113]
1490,[96.],[128.97801]
1491,[11.],[9.744747]
1492,[1.],[3.575735]
1493,[2.],[2.3339183]
1494,[27.],[42.300797]
1495,[107.],[137.43585]
1496,[53.],[44.92679]
1497,[0.],[2.4096222]
1498,[34.],[30.809464]
1499,[1.],[2.5997849]
1500,[143.],[191.53323]
1501,[64.],[77.73909]
1502,[15.],[11.593661]
1503,[64.],[40.816116]
1504,[4.],[3.082621]
1505,[114.],[109.006165]
1506,[22.],[43.589355]
1507,[4.],[19.300339]
1508,[17.],[13.53051]
1509,[9.],[14.342108]
1510,[21.],[28.458591]
1511,[1.],[2.8965127]
1512,[5.],[8.003535]
1513,[1.],[2.7460725]
1514,[8.],[2.2592885]
1515,[55.],[59.860924]
1516,[2.],[4.9174285]
1517,[61.],[66.928986]
1518,[53.],[59.20903]
1519,[37.],[36.9438]
1520,[6.],[20.847273]
1521,[15.],[27.527248]
1522,[54.],[69.542305]
1523,[5.],[5.562881]
1524,[2.],[12.541825]
1525,[3.],[2.383271]
1526,[4.],[8.3931675]
1527,[0.],[36.96092]
1528,[5.],[19.738155]
1529,[40.],[35.489918]
1530,[4.],[4.957634]
1531,[0.],[2.259452]
1532,[3.],[4.379716]
1533,[131.],[181.14899]
1534,[150.],[157.74518]
1535,[36.],[54.105366]
1536,[20.],[45.653664]
1537,[10.],[11.215362]
1538,[35.],[30.405188]
1539,[54.],[52.360397]
1540,[3.],[2.3100626]
1541,[30.],[20.750309]
1542,[5.],[6.7074223]
1543,[31.],[90.37564]
1544,[77.],[99.757]
1545,[0.],[2.3164146]
1546,[158.],[153.61243]
1547,[8.],[6.25418]
1548,[64.],[80.24331]
1549,[45.],[42.67431]
1550,[8.],[3.4277549]
1551,[11.],[19.729286]
1552,[19.],[145.97551]
1553,[136.],[175.46555]
1554,[98.],[108.615364]
1555,[8.],[10.312713]
1556,[24.],[56.561752]
1557,[2.],[7.9528494]
1558,[9.],[3.991324]
1559,[6.],[14.153416]
1560,[39.],[23.829483]
1561,[69.],[52.746796]
1562,[406.],[405.48956]
1563,[16.],[25.567307]
1564,[55.],[31.611666]
1565,[1.],[3.6460576]
1566,[32.],[36.922863]
1567,[0.],[3.2740593]
1568,[0.],[2.313592]
1569,[4.],[10.636122]
1570,[1.],[6.3051324]
1571,[7.],[2.1243966]
1572,[79.],[109.35388]
1573,[21.],[31.909878]
1574,[1.],[2.3170683]
1575,[2.],[8.610398]
1576,[16.],[17.487015]
1577,[115.],[72.488525]
1578,[156.],[105.13779]
1579,[21.],[9.895661]
1580,[8.],[14.369692]
1581,[32.],[37.550415]
1582,[37.],[33.321922]
1583,[1.],[3.249334]
1584,[1.],[2.2724621]
1585,[5.],[4.841914]
1586,[1.],[2.2821329]
1587,[100.],[120.72722]
1588,[46.],[42.719727]
1589,[11.],[12.198845]
1590,[29.],[23.565601]
1591,[0.],[2.2934315]
1592,[34.],[39.957703]
1593,[60.],[100.651535]
1594,[1.],[2.2914395]
1595,[10.],[6.459335]
1596,[48.],[61.100143]
1597,[4.],[8.137722]
1598,[21.],[11.665611]
1599,[132.],[135.43002]
1600,[3.],[4.298239]
1601,[0.],[2.3455648]
1602,[200.],[201.84094]
1603,[2.],[3.8649983]
1604,[101.],[136.1532]
1605,[159.],[126.83325]
1606,[17.],[24.992817]
1607,[30.],[23.920673]
1608,[7.],[7.0104256]
1609,[89.],[27.463547]
1610,[2.],[5.168639]
1611,[34.],[30.663029]
1612,[68.],[154.97205]
1613,[12.],[11.60899]
1614,[12.],[17.947289]
1615,[26.],[34.76622]
1616,[2.],[23.797447]
1617,[11.],[14.303338]
1618,[157.],[175.37128]
1619,[4.],[12.115984]
1620,[14.],[7.670191]
1621,[7.],[2.9713464]
1622,[7.],[7.4205923]
1623,[35.],[66.218124]
1624,[41.],[35.72497]
1625,[38.],[29.255413]
1626,[4.],[7.6922092]
1627,[85.],[168.21072]
1628,[2.],[3.3558238]
1629,[6.],[6.330535]
1630,[1.],[2.2911284]
1631,[30.],[23.682552]
1632,[12.],[7.282093]
1633,[4.],[5.544154]
1634,[72.],[103.36617]
1635,[2.],[2.2911036]
1636,[40.],[25.524216]
1637,[48.],[49.411026]
1638,[10.],[16.218548]
1639,[3.],[2.367996]
1640,[7.],[3.962726]
1641,[475.],[411.70514]
1642,[46.],[31.334637]
1643,[33.],[48.167023]
1644,[44.],[51.570168]
1645,[4.],[2.7433875]
1646,[2.],[2.287838]
1647,[36.],[52.70349]
1648,[168.],[154.22736]
1649,[94.],[128.74915]
1650,[25.],[27.552261]
1651,[9.],[5.1294365]
1652,[80.],[74.80681]
1653,[52.],[72.38818]
1654,[4.],[13.016982]
1655,[18.],[20.156338]
1656,[26.],[18.100054]
1657,[15.],[8.4246435]
1658,[92.],[69.958405]
1659,[2.],[6.6954556]
1660,[52.],[115.55308]
1661,[11.],[12.107574]
1662,[45.],[39.926018]
1663,[21.],[4.7486143]
1664,[46.],[54.840607]
1665,[4.],[10.551626]
1666,[32.],[45.03202]
1667,[16.],[12.193181]
1668,[3.],[2.4492831]
1669,[0.],[2.2480023]
1670,[1.],[5.5731]
1671,[0.],[2.4221764]
1672,[7.],[4.041378]
1673,[44.],[46.44433]
1674,[2.],[6.0237465]
1675,[157.],[121.12663]
1676,[32.],[42.508976]
1677,[32.],[51.205574]
1678,[2.],[7.895952]
1679,[12.],[17.834324]
1680,[1.],[2.2745192]
1681,[54.],[65.7333]
1682,[11.],[7.479018]
1683,[6.],[2.3980823]
1684,[32.],[24.580254]
1685,[38.],[42.68472]
1686,[10.],[11.054213]
1687,[11.],[6.817684]
1688,[1.],[2.296978]
1689,[6.],[4.149134]
1690,[54.],[36.00093]
1691,[3.],[2.3290174]
1692,[15.],[20.185707]
1693,[2.],[7.5973053]
1694,[12.],[8.825847]
1695,[104.],[60.739445]
1696,[4.],[13.533277]
1697,[74.],[61.216667]
1698,[2.],[2.2628229]
1699,[1.],[3.7046757]
1700,[3.],[12.184679]
1701,[15.],[15.312599]
1702,[4.],[3.8004405]
1703,[1.],[2.2405877]
1704,[66.],[50.86291]
1705,[60.],[52.06063]
1706,[44.],[61.68478]
1707,[3.],[2.968399]
1708,[62.],[99.659966]
1709,[1.],[2.3461156]
1710,[1.],[2.7971272]
1711,[149.],[120.01359]
1712,[15.],[12.689035]
1713,[1.],[2.3292022]
1714,[9.],[8.727046]
1715,[6.],[6.1428556]
1716,[3.],[4.3696365]
1717,[4.],[7.20358]
1718,[136.],[147.94528]
1719,[6.],[5.798129]
1720,[30.],[49.147694]
1721,[0.],[2.3373969]
1722,[3.],[3.7515707]
1723,[0.],[2.7335815]
1724,[6.],[4.219852]
1725,[16.],[9.423457]
1726,[0.],[2.302615]
1727,[10.],[4.915457]
1728,[3.],[2.57984]
1729,[9.],[23.3909]
1730,[5.],[4.0978856]
1731,[6.],[2.3384016]
1732,[116.],[128.70607]
1733,[64.],[55.9692]
1734,[20.],[10.814247]
1735,[4.],[5.6532893]
1736,[27.],[19.92558]
1737,[69.],[61.10635]
1738,[18.],[18.762989]
1739,[0.],[2.2771099]
1740,[16.],[13.836926]
1741,[18.],[20.902159]
